,bankCode,bankName,accountTypeName,accountDscription,subscriptionPeriod,minSubscriptionBalance,maxSubscriptionBalance,interesRate,type,accountTypeCode
0,D07,머스트삼일저축은행,정기예금 복리식,일정금액을 일정기간 동안 예치하여 예치기간이 만료되었을 때 정해진 이자를 받은 상품으로 목돈 운용에 적합,1개월 이상,10만원 이상,제한없음,1.0,deposit,1
1,007,수협은행,헤이(Hey)정기예금,우대금리 조건없이 간단하며 이벤트시 특별금리를 제공하는 비대면 정기예금,12개월,십만원 이상,2억원 이하,3.95,deposit,2
2,007,수협은행,헤이(Hey)정기예금,우대금리 조건없이 간단하며 이벤트시 특별금리를 제공하는 비대면 정기예금,6개월 이상,십만원 이상,2억원 이하,3.8,deposit,3
3,A11,HB 저축은행,정기예금,목돈을 일정기간 동안 예치하여 안정적인 수익을 추구하는 예금,24개월 이상,10만원 이상,제한없음,3.6,deposit,4
4,032,부산은행,메리트정기예금,시장실세금리에 연동한 약정금리를 만기일까지 적용하는 확정금리 정기예금으로 단기 고금리 상품입,3개월 이상,5백만원,제한없음,2.35,deposit,5
5,032,부산은행,정기예금,"목돈을 일정기간 예치하여 매월 이자를 지급하거나 
만기에 일시금으로 수령하는 목돈운용상품",24개월 이상,100원,제한없음,2.8,deposit,6
6,032,부산은행,LIVE정기예금,특판 전용 정기예금,12개월 이상,1천만원,제한없음,2.65,deposit,7
7,034,광주은행,행운박스예금,「행운박스」에 수시「이벤트」를 시행·판매하는 개인전용 정기예금,3개월,1백만원 이상,1억원 이하,3.1,deposit,8
8,D02,대백저축은행,애플정기예금복리식(인터넷뱅킹),목돈을 운영할 수 있는 예금상품 (만기일시 원리금 지급),12개월,"100,000원 이상",제한없음,4.2,deposit,9
9,032,부산은행,정기예금,"목돈을 일정기간 예치하여 매월 이자를 지급하거나 
만기에 일시금으로 수령하는 목돈운용상품",12개월 이상,100원,제한없음,2.65,deposit,10
10,E05,센트럴저축은행,e-정기예금(단리식),일정기간을 정하여 자금을 예치하고 확정금리로 운영되는 상품,3개월 이상,10만원 이상,제한없음,2.1,deposit,11
11,E04,삼호저축은행,정기예금(단리식),일정금액을 일정기간 동안 예치하여 월 단위 또는 예치기간이 만료되었을때 정해진 이자를 받는 상품,24개월 이상,10만원 이상,제한없음,3.7,deposit,12
12,004,국민은행,일반정기예금,목돈을 일정기간동안 예치하여 안정적인 수익을 목적으로 하는 일시예치식 예금,6개월 이상,10만원,제한없음,2.3,deposit,13
13,032,부산은행,정기예금,"목돈을 일정기간 예치하여 매월 이자를 지급하거나 
만기에 일시금으로 수령하는 목돈운용상품",36개월 이상,100원,제한없음,2.75,deposit,14
14,032,부산은행,메리트정기예금,시장실세금리에 연동한 약정금리를 만기일까지 적용하는 확정금리 정기예금으로 단기 고금리 상품입,12개월,5백만원,제한없음,2.75,deposit,15
15,032,부산은행,메리트정기예금,시장실세금리에 연동한 약정금리를 만기일까지 적용하는 확정금리 정기예금으로 단기 고금리 상품입,1개월 이상,5백만원,제한없음,2.15,deposit,16
16,032,부산은행,LIVE정기예금,특판 전용 정기예금,3개월 이상,1천만원,제한없음,2.35,deposit,17
17,A06,OSB저축은행,단리 정기예금,"금리 하락 시에도 변동없는 확정금리 상품으로 고객님의 
여유자금을 안전하게 운용할 수 있는 목돈 굴리기 상품",24개월 이상,10만원,제한없음,3.7,deposit,18
18,A10,민국저축은행,e-행복정기예금단리식,인터넷뱅킹을 이용하여 가입가능한 목돈굴리기 상품입니다.,6개월 이상,10만원,제한없음,2.5,deposit,19
19,A06,OSB저축은행,단리 정기예금,"금리 하락 시에도 변동없는 확정금리 상품으로 고객님의 
여유자금을 안전하게 운용할 수 있는 목돈 굴리기 상품",1개월 이상,10만원,제한없음,1.2,deposit,20
20,A06,OSB저축은행,단리 정기예금,"금리 하락 시에도 변동없는 확정금리 상품으로 고객님의 
여유자금을 안전하게 운용할 수 있는 목돈 굴리기 상품",3개월 이상,10만원,제한없음,1.9,deposit,21
21,A10,민국저축은행,e-행복정기예금단리식,인터넷뱅킹을 이용하여 가입가능한 목돈굴리기 상품입니다.,12개월 이상,10만원,제한없음,3.8,deposit,22
22,A10,민국저축은행,e-행복정기예금복리식,인터넷뱅킹을 이용하여 가입가능한 목돈굴리기 상품입니다.,3개월 이상,10만원,제한없음,1.8,deposit,23
23,F05,오투저축은행,e-복리정기예금,일정기간 동안 목돈을 예치하고 만기에 이자를 지급 받는 거치식 상품,6개월이상,10만원이상,제한없음,3.5,deposit,24
24,A10,민국저축은행,e-행복정기예금단리식,인터넷뱅킹을 이용하여 가입가능한 목돈굴리기 상품입니다.,3개월 이상,10만원,제한없음,1.8,deposit,25
25,B03,남양저축은행,비대면-정기예금복리식,"일정금액을 일정기간 동안 예치하여 월 단위 또는 예치기간이 
만료되었을 때 정해진 이자를 받은 상품으로 목돈 운용에 적합",6개월 이상,10만원,제한없음,3.0,deposit,26
26,B05,부림저축은행,정기예금(복리식),목돈을 일정기간동안 예치하고 원금과 이자를 함께 받는 목돈 굴리기 상품 (창구 전용),3개월 이상,10만원,제한없음,2.2,deposit,27
27,B05,부림저축은행,톡톡정기예금(단리식),"목돈을 일정기간동안 예치하고 매월 이자를 받는 목돈 굴리기 상품
 영업점을 방문하지않고 가입이 가능한 상품입니다.(비대면전용상품)",1개월 이상,10만원,제한없음,2.0,deposit,28
28,D07,머스트삼일저축은행,정기예금 복리식,일정금액을 일정기간 동안 예치하여 예치기간이 만료되었을 때 정해진 이자를 받은 상품으로 목돈 운용에 적합,3개월 이상,10만원 이상,제한없음,1.0,deposit,29
29,032,부산은행,정기예금,"목돈을 일정기간 예치하여 매월 이자를 지급하거나 
만기에 일시금으로 수령하는 목돈운용상품",12개월 이상,100원,제한없음,2.75,deposit,30
30,032,부산은행,정기예금,"목돈을 일정기간 예치하여 매월 이자를 지급하거나 
만기에 일시금으로 수령하는 목돈운용상품",36개월 이상,100원,제한없음,2.85,deposit,31
31,032,부산은행,정기예금,"목돈을 일정기간 예치하여 매월 이자를 지급하거나 
만기에 일시금으로 수령하는 목돈운용상품",1개월 이상,100원,제한없음,2.15,deposit,32
32,032,부산은행,메리트정기예금,시장실세금리에 연동한 약정금리를 만기일까지 적용하는 확정금리 정기예금으로 단기 고금리 상품입,12개월,5백만원,제한없음,2.65,deposit,33
33,032,부산은행,메리트정기예금,시장실세금리에 연동한 약정금리를 만기일까지 적용하는 확정금리 정기예금으로 단기 고금리 상품입,3개월 이상,5백만원,제한없음,2.45,deposit,34
34,A17,웰컴저축은행,m - 정기예금 (단리),여유자금을 일정기간 동안 확정금리로 예치하여 이자 수익을 얻을 수 있는 거치식 상품,36개월,10만원이상,제한없음,3.5,deposit,35
35,032,부산은행,정기예금,"목돈을 일정기간 예치하여 매월 이자를 지급하거나 
만기에 일시금으로 수령하는 목돈운용상품",1개월 이상,100원,제한없음,2.25,deposit,36
36,F05,오투저축은행,e-정기예금,일정기간 동안 목돈을 예치하고 매월 이자를 지급 받는 거치식 상품,3개월이상,10만원이상,제한없음,3.0,deposit,37
37,032,부산은행,LIVE정기예금,특판 전용 정기예금,36개월 이상,1천만원,제한없음,2.75,deposit,38
38,032,부산은행,정기예금,"목돈을 일정기간 예치하여 매월 이자를 지급하거나 
만기에 일시금으로 수령하는 목돈운용상품",3개월 이상,100원,제한없음,2.45,deposit,39
39,034,광주은행,행운박스예금,「행운박스」에 수시「이벤트」를 시행·판매하는 개인전용 정기예금,24개월,1백만원 이상,1억원 이하,3.1,deposit,40
40,F05,오투저축은행,비대면 정기예금(복리),일정기간 동안 목돈을 예치하고 만기에 이자를 지급하는 거치식 상품,24개월이상,10만원이상,제한없음,3.9,deposit,41
41,F05,오투저축은행,정기예금,일정기간 동안목돈을 예치하고 만기에  이자를 지급 받는 거치식 상품,24개월이상,10만원이상,제한없음,3.9,deposit,42
42,032,부산은행,LIVE정기예금,특판 전용 정기예금,1개월 이상,1천만원,제한없음,2.25,deposit,43
43,034,광주은행,행운박스예금,「행운박스」에 수시「이벤트」를 시행·판매하는 개인전용 정기예금,36개월,1백만원 이상,1억원 이하,3.0,deposit,44
44,032,부산은행,LIVE정기예금,특판 전용 정기예금,36개월 이상,1천만원,제한없음,2.85,deposit,45
45,039,경남은행,올해는예금(시즌3),신규고객에 우대금리를 제공하는 비대면 정기예금 특판상품,6개월,1백만원 이상,10억원 이하,2.7,deposit,46
46,039,경남은행,올해는예금(시즌3),신규고객에 우대금리를 제공하는 비대면 정기예금 특판상품,12개월,1백만원 이상,10억원 이하,3.05,deposit,47
47,007,수협은행,일반정기예금,계약기간을 1개월이상 5년이하로 하는 거치식예금,12개월 이상,1만원 이상,제한없음,2.5,deposit,48
48,D07,머스트삼일저축은행,정기예금 복리식,일정금액을 일정기간 동안 예치하여 예치기간이 만료되었을 때 정해진 이자를 받은 상품으로 목돈 운용에 적합,6개월 이상,10만원 이상,제한없음,3.0,deposit,49
49,088,신한은행,Tops보증 정기예금,회전기간 단위로 계약기간 이내에서 이자율이 변경 적용되는 정기예금,12개월 이상,3백만원 이상,제한없음,2.25,deposit,50
50,D07,머스트삼일저축은행,정기예금 복리식,일정금액을 일정기간 동안 예치하여 예치기간이 만료되었을 때 정해진 이자를 받은 상품으로 목돈 운용에 적합,12개월 이상,10만원 이상,제한없음,3.8,deposit,51
51,088,신한은행,Tops보증 정기예금,회전기간 단위로 계약기간 이내에서 이자율이 변경 적용되는 정기예금,12개월 이상,3백만원 이상,제한없음,2.55,deposit,52
52,088,신한은행,Tops보증 정기예금,회전기간 단위로 계약기간 이내에서 이자율이 변경 적용되는 정기예금,12개월 이상,3백만원 이상,제한없음,2.75,deposit,53
53,088,신한은행,Tops보증 정기예금,회전기간 단위로 계약기간 이내에서 이자율이 변경 적용되는 정기예금,24개월 이상,3백만원 이상,제한없음,2.85,deposit,54
54,004,국민은행,일반정기예금,목돈을 일정기간동안 예치하여 안정적인 수익을 목적으로 하는 일시예치식 예금,1개월 이상,10만원,제한없음,1.65,deposit,55
55,A09,The-K 저축은행,회전식 정기예금,계약기간 회전주기(매 12개월) 단위로 약정이율이 변동되는 거치식 변동금리 정기예금 상품,36개월,10만원 이상,제한없음,4.1,deposit,56
56,D07,머스트삼일저축은행,정기예금 복리식,일정금액을 일정기간 동안 예치하여 예치기간이 만료되었을 때 정해진 이자를 받은 상품으로 목돈 운용에 적합,24개월 이상,10만원 이상,제한없음,2.8,deposit,57
57,D07,머스트삼일저축은행,정기예금 복리식,일정금액을 일정기간 동안 예치하여 예치기간이 만료되었을 때 정해진 이자를 받은 상품으로 목돈 운용에 적합,36개월 이상,10만원 이상,제한없음,2.8,deposit,58
58,A09,The-K 저축은행,정기예금,일정기간 여유자금을 예치하고 확정금리로 고수익으 보장하는 예금,1개월 이상,10만원 이상,제한없음,1.0,deposit,59
59,A09,The-K 저축은행,정기예금,일정기간 여유자금을 예치하고 확정금리로 고수익으 보장하는 예금,3개월 이상,10만원 이상,제한없음,1.1,deposit,60
60,A09,The-K 저축은행,정기예금,일정기간 여유자금을 예치하고 확정금리로 고수익으 보장하는 예금,6개월,10만원 이상,제한없음,3.2,deposit,61
61,A09,The-K 저축은행,정기예금,일정기간 여유자금을 예치하고 확정금리로 고수익으 보장하는 예금,6개월 초과,10만원 이상,제한없음,2.7,deposit,62
62,A09,The-K 저축은행,정기예금,일정기간 여유자금을 예치하고 확정금리로 고수익으 보장하는 예금,9개월 이상,10만원 이상,제한없음,3.8,deposit,63
63,A09,The-K 저축은행,정기예금,일정기간 여유자금을 예치하고 확정금리로 고수익으 보장하는 예금,12개월 이상,10만원 이상,제한없음,4.1,deposit,64
64,007,수협은행,일반정기예금,계약기간을 1개월이상 5년이하로 하는 거치식예금,36개월,1만원 이상,제한없음,2.7,deposit,65
65,A09,The-K 저축은행,e-정기예금,일정기간 여유자금을 예치하고 확정금리로 고수익으 보장하는 온라인가입전용 예금,1개월 이상,10만원 이상,제한없음,1.0,deposit,66
66,A09,The-K 저축은행,e-정기예금,일정기간 여유자금을 예치하고 확정금리로 고수익으 보장하는 온라인가입전용 예금,3개월 이상,10만원 이상,제한없음,1.1,deposit,67
67,020,우리은행,정기예금,원하는 기간동안 자유롭게 목돈 굴리기,24개월 이상,제한없음,제한없음,2.8,deposit,68
68,A09,The-K 저축은행,e-정기예금,일정기간 여유자금을 예치하고 확정금리로 고수익으 보장하는 온라인가입전용 예금,6개월,10만원 이상,제한없음,3.2,deposit,69
69,A09,The-K 저축은행,e-정기예금,일정기간 여유자금을 예치하고 확정금리로 고수익으 보장하는 온라인가입전용 예금,6개월 이상,10만원 이상,제한없음,2.7,deposit,70
70,A09,The-K 저축은행,e-정기예금,일정기간 여유자금을 예치하고 확정금리로 고수익으 보장하는 온라인가입전용 예금,9개월 이상,10만원 이상,제한없음,3.8,deposit,71
71,A09,The-K 저축은행,e-정기예금,일정기간 여유자금을 예치하고 확정금리로 고수익으 보장하는 온라이가입전용 예금,12개월 이상,10만원 이상,제한없음,4.1,deposit,72
72,A09,The-K 저축은행,e-정기예금,일정기간 여유자금을 예치하고 확정금리로 고수익으 보장하는 온라인가입전용 예금,18개월 이상,10만원 이상,제한없음,3.3,deposit,73
73,A09,The-K 저축은행,e-회전식 정기예금,계약기간 회전주기(매 12개월) 단위로 약정이율이 변동되는 온라인가입전용 거치식 변동금리 정기예금 상품,36개월,10만원 이상,제한없음,4.1,deposit,74
74,A11,HB 저축은행,정기예금,목돈을 일정기간 동안 예치하여 안정적인 수익을 추구하는 예금,6개월 이상,10만원 이상,제한없음,3.3,deposit,75
75,A11,HB 저축은행,정기예금,목돈을 일정기간 동안 예치하여 안정적인 수익을 추구하는 예금,9개월 이상,10만원 이상,제한없음,4.5,deposit,76
76,A11,HB 저축은행,정기예금,목돈을 일정기간 동안 예치하여 안정적인 수익을 추구하는 예금,10개월 이상,10만원 이상,제한없음,3.3,deposit,77
77,A11,HB 저축은행,정기예금,목돈을 일정기간 동안 예치하여 안정적인 수익을 추구하는 예금,12개월 이상,10만원 이상,제한없음,4.4,deposit,78
78,A11,HB 저축은행,정기예금,목돈을 일정기간 동안 예치하여 안정적인 수익을 추구하는 예금,13개월 이상,10만원 이상,제한없음,3.6,deposit,79
79,A11,HB 저축은행,정기예금,목돈을 일정기간 동안 예치하여 안정적인 수익을 추구하는 예금,36개월,10만원 이상,제한없음,3.6,deposit,80
80,A19,다올 저축은행,Fi정기예금,일정기간 목돈을 안정적으로 운용하려는 고객을 위한 거치식 예금,1개월 이상,1십만원 이상,제한없음,2.1,deposit,81
81,034,광주은행,넋이 예금,넋이 오월 정신을 기억하고 나눔의 가치 실천하는 정기예금,12개월,1백만원 이상,1억원 이하,2.95,deposit,82
82,A19,다올 저축은행,Fi정기예금,일정기간 목돈을 안정적으로 운용하려는 고객을 위한 거치식 예금,3개월 이상,1십만원 이상,제한없음,2.3,deposit,83
83,A19,다올 저축은행,Fi정기예금,일정기간 목돈을 안정적으로 운용하려는 고객을 위한 거치식 예금,6개월 이상,1십만원 이상,제한없음,2.5,deposit,84
84,A19,다올 저축은행,Fi정기예금,일정기간 목돈을 안정적으로 운용하려는 고객을 위한 거치식 예금,12개월,1십만원 이상,제한없음,3.95,deposit,85
85,A19,다올 저축은행,Fi정기예금,일정기간 목돈을 안정적으로 운용하려는 고객을 위한 거치식 예금,12개월 초과,1십만원 이상,제한없음,3.85,deposit,86
86,A19,다올 저축은행,Fi 리볼빙 정기예금,1년 회전주기마다 자동으로 Fi정기예금 12개월 금리에 금리를 더하여 회전되는 정기예금 상품,36개월,1십만원 이상,제한없음,4.0,deposit,87
87,034,광주은행,굿스타트예금,처음 또는 오랜만에 예금이라면! 광주은행에서 굿스타트하세요~ 우대금리 0.4%p,12개월,1백만원 이상,1억원 이하,3.29,deposit,88
88,034,광주은행,행운박스예금,「행운박스」에 수시「이벤트」를 시행·판매하는 개인전용 정기예금,12개월,1백만원 이상,1억원 이하,3.3,deposit,89
89,D07,머스트삼일저축은행,e-정기예금(단리),일정금액을 일정기간 동안 예치하여 월 단위로 정해진 이자를 받은 상품으로 목돈 운용에 적합,6개월 이상,10만원 이상,제한없음,4.3,deposit,90
90,034,광주은행,행운박스예금,「행운박스」에 수시「이벤트」를 시행·판매하는 개인전용 정기예금,1개월,1백만원 이상,1억원 이하,1.9,deposit,91
91,034,광주은행,행운박스예금,「행운박스」에 수시「이벤트」를 시행·판매하는 개인전용 정기예금,6개월,1백만원 이상,1억원 이하,3.2,deposit,92
92,007,수협은행,헤이(Hey)정기예금,우대금리 조건없이 간단하며 이벤트시 특별금리를 제공하는 비대면 정기예금,3개월 이상,십만원 이상,2억원 이하,3.6,deposit,93
93,034,광주은행,넋이 예금,넋이 오월 정신을 기억하고 나눔의 가치 실천하는 정기예금,24개월,1백만원 이상,1억원 이하,3.15,deposit,94
94,007,수협은행,일반정기예금,계약기간을 1개월이상 5년이하로 하는 거치식예금,1개월 이상,1만원 이상,제한없음,2.1,deposit,95
95,F05,오투저축은행,정기예금,일정기간 동안목돈을 예치하고 만기에  이자를 지급 받는 거치식 상품,6개월이상,10만원이상,제한없음,3.5,deposit,96
96,F05,오투저축은행,회전식정기예금(복리),회전기간별 약정이율로 복리계산하여 이자 및 원금을 만기시점에 일시지급,36개월,10만원이상,제한없음,4.3,deposit,97
97,D07,머스트삼일저축은행,e-정기예금(복리),일정금액을 일정기간 동안 예치하여 예치기간이 만료되었을 때 정해진 이자를 받은 상품으로 목돈 운용에 적합,6개월 이상,10만원 이상,제한없음,4.3,deposit,98
98,D07,머스트삼일저축은행,e-정기예금(복리),일정금액을 일정기간 동안 예치하여 예치기간이 만료되었을 때 정해진 이자를 받은 상품으로 목돈 운용에 적합,12개월,10만원 이상,제한없음,4.3,deposit,99
99,F02,상상인플러스저축은행,e-정기예금_단기,"영업점 방문없이 인터넷/스마트폰을 이용해 개설이 가능하며, 일정기간동안 목돈을 예치하고 매월 또는 만기에 이자를 지급 받는 거치식 상품입니다",1개월이상,10만원이상,제한없음,2.21,deposit,100
100,032,부산은행,LIVE정기예금,특판 전용 정기예금,3개월 이상,1천만원,제한없음,2.45,deposit,101
101,032,부산은행,LIVE정기예금,특판 전용 정기예금,12개월 이상,1천만원,제한없음,2.75,deposit,102
102,081,하나은행,정기예금,목돈을 일정기간 동안 예치하여 안정적인 수익을 추구하는 예금,1개월 이상,1만원 이상,제한없음,1.85,deposit,103
103,081,하나은행,정기예금,목돈을 일정기간 동안 예치하여 안정적인 수익을 추구하는 예금,3개월 이상,1만원 이상,제한없음,2.05,deposit,104
104,032,부산은행,LIVE정기예금,특판 전용 정기예금,6개월 이상,1천만원,제한없음,2.45,deposit,105
105,081,하나은행,정기예금,목돈을 일정기간 동안 예치하여 안정적인 수익을 추구하는 예금,6개월 이상,1만원 이상,제한없음,2.15,deposit,106
106,081,하나은행,정기예금,목돈을 일정기간 동안 예치하여 안정적인 수익을 추구하는 예금,12개월 이상,1만원 이상,제한없음,2.5,deposit,107
107,081,하나은행,정기예금,목돈을 일정기간 동안 예치하여 안정적인 수익을 추구하는 예금,24개월 이상,1만원 이상,제한없음,2.6,deposit,108
108,081,하나은행,정기예금,목돈을 일정기간 동안 예치하여 안정적인 수익을 추구하는 예금,36개월,1만원 이상,제한없음,2.7,deposit,109
109,081,하나은행,정기예금,목돈을 일정기간 동안 예치하여 안정적인 수익을 추구하는 예금,48개월,1만원 이상,제한없음,2.7,deposit,110
110,081,하나은행,정기예금,목돈을 일정기간 동안 예치하여 안정적인 수익을 추구하는 예금,60개월,1만원 이상,제한없음,2.7,deposit,111
111,032,부산은행,LIVE정기예금,특판 전용 정기예금,24개월 이상,1천만원,제한없음,2.7,deposit,112
112,A05,OK저축은행,OK e-안심앱플러스정기예금,OK모바일뱅킹앱에서 가입할 수 있는 1년 단위 회전식 정기예금,36개월,10만원 이상,100억원 이하,4.41,deposit,113
113,003,기업은행,i-ONE 놀이터예금,스탬프 적립에 따라 우대금리를 제공하는 비대면전용 거치식예금 상품,12개월,1백만원 이상,3천만원까지 (동일인당한도3천만원),3.25,deposit,114
114,088,신한은행,Tops보증 정기예금,회전기간 단위로 계약기간 이내에서 이자율이 변경 적용되는 정기예금,12개월 이상,3백만원 이상,제한없음,2.45,deposit,115
115,A14,신한저축은행,정기예금,목돈을 일정기간 동안 약정금리로 예치하는 목돈굴리기 상품,36개월,10만원 이상,제한없음,1.8,deposit,116
116,E05,센트럴저축은행,e-정기예금(복리식),일정기간을 정하여 자금을 예치하고 확정금리로 운영되는 상품,3개월 이상,10만원 이상,제한없음,2.1,deposit,117
117,E05,센트럴저축은행,e-정기예금(복리식),일정기간을 정하여 자금을 예치하고 확정금리로 운영되는 상품,1개월 이상,10만원 이상,제한없음,2.0,deposit,118
118,A15,애큐온저축은행,애큐온모바일예금,중도해지 손해 없는 고금리 정기예금,12개월,1백만원 이상,제한없음,3.3,deposit,119
119,A14,신한저축은행,정기예금,목돈을 일정기간 동안 약정금리로 예치하는 목돈굴리기 상품,3개월,10만원 이상,제한없음,2.9,deposit,120
120,A14,신한저축은행,정기예금,목돈을 일정기간 동안 약정금리로 예치하는 목돈굴리기 상품,6개월,10만원 이상,제한없음,3.0,deposit,121
121,A14,신한저축은행,정기예금,목돈을 일정기간 동안 약정금리로 예치하는 목돈굴리기 상품,12개월,10만원 이상,제한없음,3.8,deposit,122
122,A14,신한저축은행,정기예금,목돈을 일정기간 동안 약정금리로 예치하는 목돈굴리기 상품,24개월,10만원 이상,제한없음,1.8,deposit,123
123,A15,애큐온저축은행,찾아쓰는정기예금,중도해지 손해 없는 고금리 정기예금,36개월,1백만원 이상,제한없음,3.1,deposit,124
124,D02,대백저축은행,정기예금단리식,여유자금으로 높은 수익을 얻을 수 있는 대표적인 예금상품으로 여유자금을 일정기간 예치하고 매월 이자를 받는 상품,1개월 이상,"100,000원 이상",제한없음,2.9,deposit,125
125,D02,대백저축은행,정기예금단리식,여유자금으로 높은 수익을 얻을 수 있는 대표적인 예금상품으로 여유자금을 일정기간 예치하고 매월 이자를 받는 상품,3개월 이상,"100,000원 이상",제한없음,3.4,deposit,126
126,D02,대백저축은행,정기예금단리식,여유자금으로 높은 수익을 얻을 수 있는 대표적인 예금상품으로 여유자금을 일정기간 예치하고 매월 이자를 받는 상품,6개월 이상,"100,000원 이상",제한없음,3.8,deposit,127
127,D02,대백저축은행,정기예금단리식,여유자금으로 높은 수익을 얻을 수 있는 대표적인 예금상품으로 여유자금을 일정기간 예치하고 매월 이자를 받는 상품,12개월,"100,000원 이상",제한없음,4.5,deposit,128
128,D02,대백저축은행,정기예금단리식,여유자금으로 높은 수익을 얻을 수 있는 대표적인 예금상품으로 여유자금을 일정기간 예치하고 매월 이자를 받는 상품,12개월 초과,"100,000원 이상",제한없음,2.0,deposit,129
129,D02,대백저축은행,정기예금복리식,여유자금으로 높은 수익을 얻을 수 있는 대표적인 예금상품으로 여유자금을 일정기간 예치하고 매월 이자를 받는 상품,1개월 이상,"100,000원 이상",제한없음,2.9,deposit,130
130,D02,대백저축은행,정기예금복리식,여유자금으로 높은 수익을 얻을 수 있는 대표적인 예금상품으로 여유자금을 일정기간 예치하고 매월 이자를 받는 상품,3개월 이상,"100,000원 이상",제한없음,3.4,deposit,131
131,E05,센트럴저축은행,e-정기예금(단리식),일정기간을 정하여 자금을 예치하고 확정금리로 운영되는 상품,12개월,10만원 이상,제한없음,3.8,deposit,132
132,D02,대백저축은행,정기예금복리식,여유자금으로 높은 수익을 얻을 수 있는 대표적인 예금상품으로 여유자금을 일정기간 예치하고 매월 이자를 받는 상품,12개월,"100,000원 이상",제한없음,4.5,deposit,133
133,D02,대백저축은행,정기예금복리식,여유자금으로 높은 수익을 얻을 수 있는 대표적인 예금상품으로 여유자금을 일정기간 예치하고 매월 이자를 받는 상품,12개월 초과,"100,000원 이상",제한없음,2.0,deposit,134
134,D02,대백저축은행,애플정기예금단리식(인터넷뱅킹),여유자금으로 높은 수익을 얻을 수 있는 대표적인 예금상품으로 여유자금을 일정기간 예치하고 매월 이자를 받는 상품,6개월 이상,"100,000원 이상",제한없음,3.6,deposit,135
135,D02,대백저축은행,애플정기예금단리식(인터넷뱅킹),여유자금으로 높은 수익을 얻을 수 있는 대표적인 예금상품으로 여유자금을 일정기간 예치하고 매월 이자를 받는 상품,12개월,"100,000원 이상",제한없음,4.2,deposit,136
136,D02,대백저축은행,애플정기예금단리식(인터넷뱅킹),여유자금으로 높은 수익을 얻을 수 있는 대표적인 예금상품으로 여유자금을 일정기간 예치하고 매월 이자를 받는 상품,12개월 초과,"100,000원 이상",제한없음,2.0,deposit,137
137,D02,대백저축은행,애플정기예금복리식(인터넷뱅킹),목돈을 운영할 수 있는 예금상품 (만기일시 원리금 지급),6개월 이상,"100,000원 이상",제한없음,3.6,deposit,138
138,D02,대백저축은행,애플정기예금복리식(인터넷뱅킹),목돈을 운영할 수 있는 예금상품 (만기일시 원리금 지급),12개월 초과,"100,000원 이상",제한없음,2.0,deposit,139
139,D05,드림저축은행,정기예금(단리식),고객님의 여유자금을 맡기시면 최고의 수익률을 보장하는 고수익 예금입니다. (매월 이자를 받으시는 단리식 정기예금),1개월 이상,10만원 이상,제한없음,1.5,deposit,140
140,F05,오투저축은행,정기예금,일정기간 동안목돈을 예치하고 만기에  이자를 지급 받는 거치식 상품,12개월이상,10만원이상,제한없음,4.3,deposit,141
141,D05,드림저축은행,정기예금(단리식),고객님의 여유자금을 맡기시면 최고의 수익률을 보장하는 고수익 예금입니다. (매월 이자를 받으시는 단리식 정기예금),3개월 이상,10만원 이상,제한없음,2.5,deposit,142
142,D05,드림저축은행,정기예금(단리식),고객님의 여유자금을 맡기시면 최고의 수익률을 보장하는 고수익 예금입니다. (매월 이자를 받으시는 단리식 정기예금),6개월 이상,10만원 이상,제한없음,3.5,deposit,143
143,D05,드림저축은행,정기예금(단리식),고객님의 여유자금을 맡기시면 최고의 수익률을 보장하는 고수익 예금입니다. (매월 이자를 받으시는 단리식 정기예금),9개월 이상,10만원 이상,제한없음,3.5,deposit,144
144,D05,드림저축은행,정기예금(단리식),고객님의 여유자금을 맡기시면 최고의 수익률을 보장하는 고수익 예금입니다. (매월 이자를 받으시는 단리식 정기예금),12개월 이상,10만원 이상,제한없음,4.4,deposit,145
145,D05,드림저축은행,정기예금(단리식),고객님의 여유자금을 맡기시면 최고의 수익률을 보장하는 고수익 예금입니다. (매월 이자를 받으시는 단리식 정기예금),15개월 이상,10만원 이상,제한없음,4.1,deposit,146
146,D05,드림저축은행,정기예금(단리식),고객님의 여유자금을 맡기시면 최고의 수익률을 보장하는 고수익 예금입니다. (매월 이자를 받으시는 단리식 정기예금),18개월 이상,10만원 이상,제한없음,3.1,deposit,147
147,D05,드림저축은행,정기예금(단리식),고객님의 여유자금을 맡기시면 최고의 수익률을 보장하는 고수익 예금입니다. (매월 이자를 받으시는 단리식 정기예금),24개월 이상,10만원 이상,제한없음,3.1,deposit,148
148,D05,드림저축은행,정기예금(단리식),고객님의 여유자금을 맡기시면 최고의 수익률을 보장하는 고수익 예금입니다. (매월 이자를 받으시는 단리식 정기예금),36개월,10만원 이상,제한없음,2.6,deposit,149
149,D05,드림저축은행,정기예금(복리식),고객님의 여유자금을 맡기시면 최고의 수익률을 보장하는 고수익 예금 (매월 이자가 원금에 가산되어 만기시에 이자를 드리는 복리식),1개월 이상,10만원 이상,제한없음,1.5,deposit,150
150,D05,드림저축은행,정기예금(복리식),고객님의 여유자금을 맡기시면 최고의 수익률을 보장하는 고수익 예금 (매월 이자가 원금에 가산되어 만기시에 이자를 드리는 복리식),3개월 이상,10만원 이상,제한없음,2.5,deposit,151
151,D05,드림저축은행,정기예금(복리식),고객님의 여유자금을 맡기시면 최고의 수익률을 보장하는 고수익 예금 (매월 이자가 원금에 가산되어 만기시에 이자를 드리는 복리식),6개월 이상,10만원 이상,제한없음,3.5,deposit,152
152,D05,드림저축은행,정기예금(복리식),고객님의 여유자금을 맡기시면 최고의 수익률을 보장하는 고수익 예금 (매월 이자가 원금에 가산되어 만기시에 이자를 드리는 복리식),12개월 이상,10만원 이상,제한없음,4.4,deposit,153
153,032,부산은행,정기예금,"목돈을 일정기간 예치하여 매월 이자를 지급하거나 
만기에 일시금으로 수령하는 목돈운용상품",3개월 이상,100원,제한없음,2.35,deposit,154
154,D05,드림저축은행,정기예금(복리식),고객님의 여유자금을 맡기시면 최고의 수익률을 보장하는 고수익 예금 (매월 이자가 원금에 가산되어 만기시에 이자를 드리는 복리식),15개월 이상,10만원 이상,제한없음,4.1,deposit,155
155,D05,드림저축은행,정기예금(복리식),고객님의 여유자금을 맡기시면 최고의 수익률을 보장하는 고수익 예금 (매월 이자가 원금에 가산되어 만기시에 이자를 드리는 복리식),18개월 이상,10만원 이상,제한없음,3.1,deposit,156
156,D05,드림저축은행,정기예금(복리식),고객님의 여유자금을 맡기시면 최고의 수익률을 보장하는 고수익 예금 (매월 이자가 원금에 가산되어 만기시에 이자를 드리는 복리식),24개월 이상,10만원 이상,제한없음,3.1,deposit,157
157,032,부산은행,정기예금,"목돈을 일정기간 예치하여 매월 이자를 지급하거나 
만기에 일시금으로 수령하는 목돈운용상품",6개월 이상,100원,제한없음,2.45,deposit,158
158,D05,드림저축은행,정기예금(복리식),고객님의 여유자금을 맡기시면 최고의 수익률을 보장하는 고수익 예금 (매월 이자가 원금에 가산되어 만기시에 이자를 드리는 복리식),36개월,10만원 이상,제한없음,2.6,deposit,159
159,D05,드림저축은행,"인터넷정기예금(단리식,1년이상)",고객님의 여유자금을 맡기시면 최고의 수익률을 보장하는 고수익 예금입니다. 매월 이자를 받으시는 단리식 정기예금.,12개월 이상,10만원 이상,제한없음,4.3,deposit,160
160,D05,드림저축은행,"인터넷정기예금(단리식,1년이상)",고객님의 여유자금을 맡기시면 최고의 수익률을 보장하는 고수익 예금입니다. 매월 이자를 받으시는 단리식 정기예금.,18개월 이상,10만원 이상,제한없음,3.1,deposit,161
161,D05,드림저축은행,"인터넷정기예금(단리식,1년이상)",고객님의 여유자금을 맡기시면 최고의 수익률을 보장하는 고수익 예금입니다. 매월 이자를 받으시는 단리식 정기예금.,24개월 이상,10만원 이상,제한없음,3.1,deposit,162
162,D05,드림저축은행,"인터넷정기예금(단리식,1년이상)",고객님의 여유자금을 맡기시면 최고의 수익률을 보장하는 고수익 예금입니다. 매월 이자를 받으시는 단리식 정기예금.,36개월,10만원 이상,제한없음,2.6,deposit,163
163,D05,드림저축은행,"인터넷정기예금(단리식,1년미만)",고객님의 여유자금을 맡기시면 최고의 수익률을 보장하는 고수익 예금입니다. 매월 이자가 원금에 가산되어 만기시에 이자를 드리는 복리식 정기예금.,1개월 이상,10만원 이상,제한없음,1.5,deposit,164
164,D05,드림저축은행,"인터넷정기예금(단리식,1년미만)",고객님의 여유자금을 맡기시면 최고의 수익률을 보장하는 고수익 예금입니다. 매월 이자가 원금에 가산되어 만기시에 이자를 드리는 복리식 정기예금.,3개월 이상,10만원 이상,제한없음,2.5,deposit,165
165,D05,드림저축은행,"인터넷정기예금(단리식,1년미만)",고객님의 여유자금을 맡기시면 최고의 수익률을 보장하는 고수익 예금입니다. 매월 이자가 원금에 가산되어 만기시에 이자를 드리는 복리식 정기예금.,6개월 이상,10만원 이상,제한없음,3.2,deposit,166
166,D05,드림저축은행,"인터넷정기예금(단리식,1년미만)",고객님의 여유자금을 맡기시면 최고의 수익률을 보장하는 고수익 예금입니다. 매월 이자가 원금에 가산되어 만기시에 이자를 드리는 복리식 정기예금.,9개월 이상,10만원 이상,제한없음,3.2,deposit,167
167,D05,드림저축은행,"인터넷정기예금(복리식,1년이상)",고객님의 여유자금을 맡기시면 최고의 수익률을 보장하는 고수익 예금입니다. 매월 이자가 원금에 가산되어 만기시에 이자를 드리는 복리식 정기예금.,12개월 이상,10만원 이상,제한없음,4.3,deposit,168
168,D05,드림저축은행,"인터넷정기예금(복리식,1년이상)",고객님의 여유자금을 맡기시면 최고의 수익률을 보장하는 고수익 예금입니다. 매월 이자가 원금에 가산되어 만기시에 이자를 드리는 복리식 정기예금.,15개월 이상,10만원 이상,제한없음,4.1,deposit,169
169,D05,드림저축은행,"인터넷정기예금(복리식,1년이상)",고객님의 여유자금을 맡기시면 최고의 수익률을 보장하는 고수익 예금입니다. 매월 이자가 원금에 가산되어 만기시에 이자를 드리는 복리식 정기예금.,18개월 이상,10만원 이상,제한없음,3.1,deposit,170
170,D05,드림저축은행,"인터넷정기예금(복리식,1년이상)",고객님의 여유자금을 맡기시면 최고의 수익률을 보장하는 고수익 예금입니다. 매월 이자가 원금에 가산되어 만기시에 이자를 드리는 복리식 정기예금.,24개월 이상,10만원 이상,제한없음,3.1,deposit,171
171,D05,드림저축은행,"인터넷정기예금(복리식,1년이상)",고객님의 여유자금을 맡기시면 최고의 수익률을 보장하는 고수익 예금입니다. 매월 이자가 원금에 가산되어 만기시에 이자를 드리는 복리식 정기예금.,36개월,10만원 이상,제한없음,2.6,deposit,172
172,D05,드림저축은행,"인터넷정기예금(복리식,1년미만)",매월 이자가 원금에 가산되어 만기시에 이자를 받으시는 복리식 정기예금.,1개월 이상,10만원 이상,제한없음,1.5,deposit,173
173,D05,드림저축은행,"인터넷정기예금(복리식,1년미만)",매월 이자가 원금에 가산되어 만기시에 이자를 받으시는 복리식 정기예금.,3개월 이상,10만원 이상,제한없음,2.5,deposit,174
174,D05,드림저축은행,"인터넷정기예금(복리식,1년미만)",매월 이자가 원금에 가산되어 만기시에 이자를 받으시는 복리식 정기예금.,6개월 이상,10만원 이상,제한없음,3.2,deposit,175
175,D05,드림저축은행,"인터넷정기예금(복리식,1년미만)",매월 이자가 원금에 가산되어 만기시에 이자를 받으시는 복리식 정기예금.,9개월 이상,10만원 이상,제한없음,3.2,deposit,176
176,D07,머스트삼일저축은행,정기예금 단리식,일정금액을 일정기간 동안 예치하여 월 단위 정해진 이자를 받은 상품으로 목돈 운용에 적합,1개월 이상,10만원 이상,제한없음,1.0,deposit,177
177,D05,드림저축은행,톡톡 정기예금(단리식),고객님의 여유자금을 맡기시면 최고의 수익률을 보장하는 고수익 예금입니다. 매월 이자를 받으시는 단리식 정기예금.,1개월 이상,10만원 이상,제한없음,1.5,deposit,178
178,D05,드림저축은행,톡톡 정기예금(단리식),고객님의 여유자금을 맡기시면 최고의 수익률을 보장하는 고수익 예금입니다. 매월 이자를 받으시는 단리식 정기예금.,3개월 이상,10만원 이상,제한없음,2.5,deposit,179
179,D05,드림저축은행,톡톡 정기예금(단리식),고객님의 여유자금을 맡기시면 최고의 수익률을 보장하는 고수익 예금입니다. 매월 이자를 받으시는 단리식 정기예금.,6개월 이상,10만원 이상,제한없음,3.2,deposit,180
180,D05,드림저축은행,톡톡 정기예금(단리식),고객님의 여유자금을 맡기시면 최고의 수익률을 보장하는 고수익 예금입니다. 매월 이자를 받으시는 단리식 정기예금.,9개월 이상,10만원 이상,제한없음,3.2,deposit,181
181,D05,드림저축은행,톡톡 정기예금(단리식),고객님의 여유자금을 맡기시면 최고의 수익률을 보장하는 고수익 예금입니다. 매월 이자를 받으시는 단리식 정기예금.,12개월 이상,10만원 이상,제한없음,4.3,deposit,182
182,D05,드림저축은행,톡톡 정기예금(단리식),고객님의 여유자금을 맡기시면 최고의 수익률을 보장하는 고수익 예금입니다. 매월 이자를 받으시는 단리식 정기예금.,15개월 이상,10만원 이상,제한없음,4.1,deposit,183
183,D05,드림저축은행,톡톡 정기예금(단리식),고객님의 여유자금을 맡기시면 최고의 수익률을 보장하는 고수익 예금입니다. 매월 이자를 받으시는 단리식 정기예금.,18개월 이상,10만원 이상,제한없음,3.1,deposit,184
184,D05,드림저축은행,톡톡 정기예금(단리식),고객님의 여유자금을 맡기시면 최고의 수익률을 보장하는 고수익 예금입니다. 매월 이자를 받으시는 단리식 정기예금.,24개월 이상,10만원 이상,제한없음,3.1,deposit,185
185,D05,드림저축은행,톡톡 정기예금(단리식),고객님의 여유자금을 맡기시면 최고의 수익률을 보장하는 고수익 예금입니다. 매월 이자를 받으시는 단리식 정기예금.,36개월,10만원 이상,제한없음,2.6,deposit,186
186,D05,드림저축은행,톡톡 정기예금(복리식),고객님의 여유자금을 맡기시면 최고의 수익률을 보장하는 고수익 예금입니다. 매월 이자가 원금에 가산되어 만기시에 이자를 드리는 복리식 정기예금.,1개월 이상,10만원 이상,제한없음,1.5,deposit,187
187,D05,드림저축은행,톡톡 정기예금(복리식),고객님의 여유자금을 맡기시면 최고의 수익률을 보장하는 고수익 예금입니다. 매월 이자가 원금에 가산되어 만기시에 이자를 드리는 복리식 정기예금.,3개월 이상,10만원 이상,제한없음,2.5,deposit,188
188,D05,드림저축은행,톡톡 정기예금(복리식),고객님의 여유자금을 맡기시면 최고의 수익률을 보장하는 고수익 예금입니다. 매월 이자가 원금에 가산되어 만기시에 이자를 드리는 복리식 정기예금.,18개월 이상,10만원 이상,제한없음,3.1,deposit,189
189,D07,머스트삼일저축은행,정기예금 단리식,일정금액을 일정기간 동안 예치하여 월 단위 정해진 이자를 받은 상품으로 목돈 운용에 적합,36개월 이상,10만원 이상,제한없음,2.8,deposit,190
190,D07,머스트삼일저축은행,비대면정기예금 복리식,일정금액을 일정기간 동안 예치하여 예치기간이 만료되었을 때 정해진 이자를 받은 상품으로 목돈 운용에 적합,6개월 이상,10만원 이상,제한없음,4.3,deposit,191
191,D07,머스트삼일저축은행,비대면정기예금 복리식,일정금액을 일정기간 동안 예치하여 예치기간이 만료되었을 때 정해진 이자를 받은 상품으로 목돈 운용에 적합,12개월,10만원 이상,제한없음,4.3,deposit,192
192,D07,머스트삼일저축은행,비대면정기예금 단리식,일정금액을 일정기간 동안 예치하여 월 단위로 정해진 이자를 받은 상품으로 목돈 운용에 적합,6개월 이상,10만원 이상,제한없음,4.3,deposit,193
193,D07,머스트삼일저축은행,비대면정기예금 단리식,일정금액을 일정기간 동안 예치하여 월 단위로 정해진 이자를 받은 상품으로 목돈 운용에 적합,12개월,10만원 이상,제한없음,4.3,deposit,194
194,A09,The-K 저축은행,정기예금,일정기간 여유자금을 예치하고 확정금리로 고수익으 보장하는 예금,18개월 이상,10만원 이상,제한없음,3.3,deposit,195
195,A06,OSB저축은행,단리 정기예금,"금리 하락 시에도 변동없는 확정금리 상품으로 고객님의 
여유자금을 안전하게 운용할 수 있는 목돈 굴리기 상품",9개월 이상,10만원,제한없음,4.5,deposit,196
196,A06,OSB저축은행,단리 정기예금,"금리 하락 시에도 변동없는 확정금리 상품으로 고객님의 
여유자금을 안전하게 운용할 수 있는 목돈 굴리기 상품",10개월 이상,10만원,제한없음,4.3,deposit,197
197,D08,엠에스저축은행,정기예금(단리식),목돈을 일정기간 동안 예치하고 매월 또는 만기에 이자를 지급하는 가장 보편적인 장기저축 상품,1개월 이상,10만원 이상,제한없음,2.4,deposit,198
198,D08,엠에스저축은행,정기예금(단리식),목돈을 일정기간 동안 예치하고 매월 또는 만기에 이자를 지급하는 가장 보편적인 장기저축 상품,3개월 이상,10만원 이상,제한없음,2.6,deposit,199
199,D08,엠에스저축은행,정기예금(단리식),목돈을 일정기간 동안 예치하고 매월 또는 만기에 이자를 지급하는 가장 보편적인 장기저축 상품,6개월 이상,10만원 이상,제한없음,3.0,deposit,200
200,A06,OSB저축은행,복리 정기예금,"금리 하락 시에도 변동없는 확정금리 상품으로 고객님의 
여유자금을 안전하게 운용할 수 있는 목돈 굴리기 상품",1개월 이상,10만원,제한없음,1.2,deposit,201
201,D08,엠에스저축은행,정기예금(단리식),목돈을 일정기간 동안 예치하고 매월 또는 만기에 이자를 지급하는 가장 보편적인 장기저축 상품,12개월,10만원 이상,제한없음,4.3,deposit,202
202,D08,엠에스저축은행,정기예금(단리식),목돈을 일정기간 동안 예치하고 매월 또는 만기에 이자를 지급하는 가장 보편적인 장기저축 상품,13개월 이상,10만원 이상,제한없음,4.0,deposit,203
203,D08,엠에스저축은행,정기예금(단리식),목돈을 일정기간 동안 예치하고 매월 또는 만기에 이자를 지급하는 가장 보편적인 장기저축 상품,15개월 이상,10만원 이상,제한없음,4.0,deposit,204
204,D08,엠에스저축은행,정기예금(단리식),목돈을 일정기간 동안 예치하고 매월 또는 만기에 이자를 지급하는 가장 보편적인 장기저축 상품,18개월 이상,10만원 이상,제한없음,4.0,deposit,205
205,D08,엠에스저축은행,정기예금(단리식),목돈을 일정기간 동안 예치하고 매월 또는 만기에 이자를 지급하는 가장 보편적인 장기저축 상품,24개월 이상,10만원 이상,제한없음,3.1,deposit,206
206,D08,엠에스저축은행,정기예금(단리식),목돈을 일정기간 동안 예치하고 매월 또는 만기에 이자를 지급하는 가장 보편적인 장기저축 상품,36개월,10만원 이상,제한없음,3.1,deposit,207
207,D08,엠에스저축은행,정기예금(복리식),목돈을 일정기간 동안 예치하고 매월 또는 만기에 이자를 지급하는 가장 보편적인 장기저축 상품,1개월 이상,10만원 이상,제한없음,2.4,deposit,208
208,D08,엠에스저축은행,정기예금(복리식),목돈을 일정기간 동안 예치하고 매월 또는 만기에 이자를 지급하는 가장 보편적인 장기저축 상품,3개월 이상,10만원 이상,제한없음,2.6,deposit,209
209,D08,엠에스저축은행,정기예금(복리식),목돈을 일정기간 동안 예치하고 매월 또는 만기에 이자를 지급하는 가장 보편적인 장기저축 상품,6개월 이상,10만원 이상,제한없음,3.0,deposit,210
210,D08,엠에스저축은행,정기예금(복리식),목돈을 일정기간 동안 예치하고 매월 또는 만기에 이자를 지급하는 가장 보편적인 장기저축 상품,12개월,10만원 이상,제한없음,4.3,deposit,211
211,D08,엠에스저축은행,정기예금(복리식),목돈을 일정기간 동안 예치하고 매월 또는 만기에 이자를 지급하는 가장 보편적인 장기저축 상품,13개월 이상,10만원 이상,제한없음,4.0,deposit,212
212,D08,엠에스저축은행,정기예금(복리식),목돈을 일정기간 동안 예치하고 매월 또는 만기에 이자를 지급하는 가장 보편적인 장기저축 상품,15개월 이상,10만원 이상,제한없음,4.0,deposit,213
213,D08,엠에스저축은행,정기예금(복리식),목돈을 일정기간 동안 예치하고 매월 또는 만기에 이자를 지급하는 가장 보편적인 장기저축 상품,18개월 이상,10만원 이상,제한없음,4.0,deposit,214
214,D08,엠에스저축은행,정기예금(복리식),목돈을 일정기간 동안 예치하고 매월 또는 만기에 이자를 지급하는 가장 보편적인 장기저축 상품,24개월 이상,10만원 이상,제한없음,3.1,deposit,215
215,088,신한은행,정기예금,목돈을 일정기간 동안 예치하여 안정적인 수익을 목적으로 하는 확정금리 예금상품,3개월 이상,1만원 이상,제한없음,2.25,deposit,216
216,D08,엠에스저축은행,정기예금(복리식),목돈을 일정기간 동안 예치하고 매월 또는 만기에 이자를 지급하는 가장 보편적인 장기저축 상품,36개월,10만원 이상,제한없음,3.1,deposit,217
217,D08,엠에스저축은행,e-정기예금(단리식),(인터넷) 목돈을 일정기간 동안 예치하고 매월 또는 만기에 이자를 지급하는 가장 보편적인 장기저축 상품,1개월 이상,10만원 이상,제한없음,2.4,deposit,218
218,D08,엠에스저축은행,e-정기예금(단리식),(인터넷) 목돈을 일정기간 동안 예치하고 매월 또는 만기에 이자를 지급하는 가장 보편적인 장기저축 상품,3개월 이상,10만원 이상,제한없음,2.6,deposit,219
219,E05,센트럴저축은행,정기예금(단리식),목돈을 일정기간 동안 예치하고 안정적인 수익을 추구하는 거치식 예금상품,6개월 이상,10만원 이상,제한없음,2.4,deposit,220
220,D08,엠에스저축은행,e-정기예금(단리식),(인터넷) 목돈을 일정기간 동안 예치하고 매월 또는 만기에 이자를 지급하는 가장 보편적인 장기저축 상품,6개월 이상,10만원 이상,제한없음,3.0,deposit,221
221,D08,엠에스저축은행,e-정기예금(단리식),(인터넷) 목돈을 일정기간 동안 예치하고 매월 또는 만기에 이자를 지급하는 가장 보편적인 장기저축 상품,12개월,10만원 이상,제한없음,4.3,deposit,222
222,D08,엠에스저축은행,e-정기예금(단리식),(인터넷) 목돈을 일정기간 동안 예치하고 매월 또는 만기에 이자를 지급하는 가장 보편적인 장기저축 상품,13개월 이상,10만원 이상,제한없음,3.3,deposit,223
223,D08,엠에스저축은행,e-정기예금(단리식),(인터넷) 목돈을 일정기간 동안 예치하고 매월 또는 만기에 이자를 지급하는 가장 보편적인 장기저축 상품,15개월 이상,10만원 이상,제한없음,3.3,deposit,224
224,D08,엠에스저축은행,e-정기예금(단리식),(인터넷) 목돈을 일정기간 동안 예치하고 매월 또는 만기에 이자를 지급하는 가장 보편적인 장기저축 상품,18개월 이상,10만원 이상,제한없음,3.3,deposit,225
225,A06,OSB저축은행,복리 정기예금,"금리 하락 시에도 변동없는 확정금리 상품으로 고객님의 
여유자금을 안전하게 운용할 수 있는 목돈 굴리기 상품",3개월 이상,10만원,제한없음,1.9,deposit,226
226,A06,OSB저축은행,복리 정기예금,"금리 하락 시에도 변동없는 확정금리 상품으로 고객님의 
여유자금을 안전하게 운용할 수 있는 목돈 굴리기 상품",6개월 이상,10만원,제한없음,4.3,deposit,227
227,D08,엠에스저축은행,e-정기예금(단리식),(인터넷) 목돈을 일정기간 동안 예치하고 매월 또는 만기에 이자를 지급하는 가장 보편적인 장기저축 상품,24개월 이상,10만원 이상,제한없음,3.1,deposit,228
228,D08,엠에스저축은행,e-정기예금(단리식),(인터넷) 목돈을 일정기간 동안 예치하고 매월 또는 만기에 이자를 지급하는 가장 보편적인 장기저축 상품,36개월,10만원 이상,제한없음,3.1,deposit,229
229,D08,엠에스저축은행,e-정기예금(복리식),(인터넷) 목돈을 일정기간 동안 예치하고 매월 또는 만기에 이자를 지급하는 가장 보편적인 장기저축 상품,1개월 이상,10만원 이상,제한없음,2.4,deposit,230
230,D08,엠에스저축은행,e-정기예금(복리식),(인터넷) 목돈을 일정기간 동안 예치하고 매월 또는 만기에 이자를 지급하는 가장 보편적인 장기저축 상품,3개월 이상,10만원 이상,제한없음,2.6,deposit,231
231,D08,엠에스저축은행,e-정기예금(복리식),(인터넷) 목돈을 일정기간 동안 예치하고 매월 또는 만기에 이자를 지급하는 가장 보편적인 장기저축 상품,6개월 이상,10만원 이상,제한없음,3.0,deposit,232
232,D08,엠에스저축은행,e-정기예금(복리식),(인터넷) 목돈을 일정기간 동안 예치하고 매월 또는 만기에 이자를 지급하는 가장 보편적인 장기저축 상품,12개월,10만원 이상,제한없음,4.3,deposit,233
233,D08,엠에스저축은행,e-정기예금(복리식),(인터넷) 목돈을 일정기간 동안 예치하고 매월 또는 만기에 이자를 지급하는 가장 보편적인 장기저축 상품,13개월 이상,10만원 이상,제한없음,3.3,deposit,234
234,D08,엠에스저축은행,e-정기예금(복리식),(인터넷) 목돈을 일정기간 동안 예치하고 매월 또는 만기에 이자를 지급하는 가장 보편적인 장기저축 상품,15개월 이상,10만원 이상,제한없음,3.3,deposit,235
235,D08,엠에스저축은행,e-정기예금(복리식),(인터넷) 목돈을 일정기간 동안 예치하고 매월 또는 만기에 이자를 지급하는 가장 보편적인 장기저축 상품,18개월 이상,10만원 이상,제한없음,3.3,deposit,236
236,D08,엠에스저축은행,e-정기예금(복리식),(인터넷) 목돈을 일정기간 동안 예치하고 매월 또는 만기에 이자를 지급하는 가장 보편적인 장기저축 상품,24개월 이상,10만원 이상,제한없음,3.1,deposit,237
237,D08,엠에스저축은행,e-정기예금(복리식),(인터넷) 목돈을 일정기간 동안 예치하고 매월 또는 만기에 이자를 지급하는 가장 보편적인 장기저축 상품,36개월,10만원 이상,제한없음,3.1,deposit,238
238,088,신한은행,정기예금,목돈을 일정기간 동안 예치하여 안정적인 수익을 목적으로 하는 확정금리 예금상품,6개월 이상,1만원 이상,제한없음,2.55,deposit,239
239,A06,OSB저축은행,복리 정기예금,"금리 하락 시에도 변동없는 확정금리 상품으로 고객님의 
여유자금을 안전하게 운용할 수 있는 목돈 굴리기 상품",9개월 이상,10만원,제한없음,4.5,deposit,240
240,A06,OSB저축은행,복리 정기예금,"금리 하락 시에도 변동없는 확정금리 상품으로 고객님의 
여유자금을 안전하게 운용할 수 있는 목돈 굴리기 상품",10개월 이상,10만원,제한없음,4.3,deposit,241
241,A06,OSB저축은행,복리 정기예금,"금리 하락 시에도 변동없는 확정금리 상품으로 고객님의 
여유자금을 안전하게 운용할 수 있는 목돈 굴리기 상품",24개월 이상,10만원,제한없음,3.7,deposit,242
242,011,농협은행,정기예금,예치기간을 미리 약정하고 일정금액을 예입하는 거치식 예금,3개월이상,1천원이상,제한없음,0.65,deposit,243
243,011,농협은행,NH올원e예금,손쉽게 목돈을 굴릴 수 있는 농협은행 비대면 전용 대표 거치식 예금,1개월 이상,10만원 이상,10억원 이하,1.4,deposit,244
244,011,농협은행,NH올원e예금,손쉽게 목돈을 굴릴 수 있는 농협은행 비대면 전용 대표 거치식 예금,3개월 이상,10만원 이상,10억원 이하,1.67,deposit,245
245,020,우리은행,우리 SUPER 정기예금,"만기일을 일, 월 단위로 자유롭게 선택할 수 있으며 10년까지 자동 재예치가 가능한 다양한 기능을 갖춘 개인고객 대상 전용 정기예금",24개월 이상,1백만원 이상,제한없음,3.2,deposit,246
246,011,농협은행,NH올원e예금,손쉽게 목돈을 굴릴 수 있는 농협은행 비대면 전용 대표 거치식 예금,6개월 이상,10만원 이상,10억원 이하,2.17,deposit,247
247,011,농협은행,NH올원e예금,손쉽게 목돈을 굴릴 수 있는 농협은행 비대면 전용 대표 거치식 예금,12개월 이상,10만원 이상,10억원 이하,2.52,deposit,248
248,011,농협은행,NH올원e예금,손쉽게 목돈을 굴릴 수 있는 농협은행 비대면 전용 대표 거치식 예금,24개월 이상,10만원 이상,10억원 이하,3.0,deposit,249
249,011,농협은행,NH왈츠회전예금 Ⅱ,월단위로 회전주기를 선택할 수 있고 회전주기마다 실세금리를 적용하는 개인전용 회전예금,12개월 이상,300만원 이상,제한없음,0.77,deposit,250
250,011,농협은행,NH왈츠회전예금 Ⅱ,월단위로 회전주기를 선택할 수 있고 회전주기마다 실세금리를 적용하는 개인전용 회전예금,12개월 이상,300만원 이상,제한없음,1.06,deposit,251
251,011,농협은행,NH왈츠회전예금 Ⅱ,월단위로 회전주기를 선택할 수 있고 회전주기마다 실세금리를 적용하는 개인전용 회전예금,12개월 이상,300만원 이상,제한없음,1.35,deposit,252
252,088,신한은행,정기예금,목돈을 일정기간 동안 예치하여 안정적인 수익을 목적으로 하는 확정금리 예금상품,12개월 이상,1만원 이상,제한없음,2.65,deposit,253
253,011,농협은행,NH왈츠회전예금 Ⅱ,월단위로 회전주기를 선택할 수 있고 회전주기마다 실세금리를 적용하는 개인전용 회전예금,12개월 이상,300만원 이상,제한없음,1.73,deposit,254
254,011,농협은행,정기예금,예치기간을 미리 약정하고 일정금액을 예입하는 거치식 예금,24개월이상,1천원이상,제한없음,0.9,deposit,255
255,A06,OSB저축은행,OSB회전식단리정기예금,"회전주기 매 년 시점의 정기예금 개월 금리에 
우대금리를 더해 자동회전되며 1 매 년 경과 후 
중도해지시 회전주기 완료기간은 약정이율이 적용되는 
중도해지 손실을 최소화한 장기운용상품 (변동금리 상품)",36 개월,100만원,제한없음,4.3,deposit,256
256,A06,OSB저축은행,OSB회전식복리정기예금,"회전주기 매 년 시점의 정기예금 개월 금리에 
우대금리를 더해 자동회전되며 1 매 년 경과 후 
중도해지시 회전주기 완료기간은 약정이율이 적용되는 
중도해지 손실을 최소화한 장기운용상품 (변동금리 상품)",36 개월,100만원,제한없음,4.3,deposit,257
257,011,농협은행,정기예금,예치기간을 미리 약정하고 일정금액을 예입하는 거치식 예금,1개월이상,1천원이상,제한없음,0.55,deposit,258
258,011,농협은행,정기예금,예치기간을 미리 약정하고 일정금액을 예입하는 거치식 예금,6개월이상,1천원이상,제한없음,0.75,deposit,259
259,011,농협은행,정기예금,예치기간을 미리 약정하고 일정금액을 예입하는 거치식 예금,12개월이상,1천원이상,제한없음,0.85,deposit,260
260,011,농협은행,정기예금,예치기간을 미리 약정하고 일정금액을 예입하는 거치식 예금,36개월,1천원이상,제한없음,1.1,deposit,261
261,011,농협은행,초장기회전예금,최장 15년까지 장기간 예치가 가능한 거치식 상품,12개월 이상,10만원이상,제한없음,1.2,deposit,262
262,020,우리은행,우리 SUPER 정기예금,"만기일을 일, 월 단위로 자유롭게 선택할 수 있으며 10년까지 자동 재예치가 가능한 다양한 기능을 갖춘 개인고객 대상 전용 정기예금",12개월 이상,1백만원 이상,제한없음,3.0,deposit,263
263,E05,센트럴저축은행,정기예금(복리식),목돈을 일정기간 동안 예치하고 안정적인 수익을 추구하는 거치식 예금상품,12개월,10만원 이상,제한없음,4.0,deposit,264
264,E05,센트럴저축은행,e-정기예금(단리식),일정기간을 정하여 자금을 예치하고 확정금리로 운영되는 상품,1개월 이상,10만원 이상,제한없음,2.0,deposit,265
265,088,신한은행,정기예금,목돈을 일정기간 동안 예치하여 안정적인 수익을 목적으로 하는 확정금리 예금상품,36개월 이상,1만원 이상,제한없음,2.75,deposit,266
266,F02,상상인플러스저축은행,e-정기예금_단기,"영업점 방문없이 인터넷/스마트폰을 이용해 개설이 가능하며, 일정기간동안 목돈을 예치하고 매월 또는 만기에 이자를 지급 받는 거치식 상품입니다",3개월이상,10만원이상,제한없음,2.31,deposit,267
267,E04,삼호저축은행,정기예금 단리식(인터넷-모바일),일정금액을 일정기간 동안 예치하여 월 단위 또는 예치기간이 만료되었을때 정해진 이자를 받는 상품,24개월 이상,10만원 이상,제한없음,3.7,deposit,268
268,088,신한은행,정기예금,목돈을 일정기간 동안 예치하여 안정적인 수익을 목적으로 하는 확정금리 예금상품,48개월 이상,1만원 이상,제한없음,2.8,deposit,269
269,A03,KB저축은행,정기예금,확정금리로 높은 수익을 누리는 정기예금,24개월 이상,100만원 이상,제한없음,2.4,deposit,270
270,032,부산은행,메리트정기예금,시장실세금리에 연동한 약정금리를 만기일까지 적용하는 확정금리 정기예금으로 단기 고금리 상품입,6개월 이상,5백만원,제한없음,2.45,deposit,271
271,037,전북은행,JB FUN 세이브 통장,예금 이자를 매월 선이자로 받아 재테크(적금 또는 펀드 적립),1개월 이상,2천만원 이상,제한없음,2.0,deposit,272
272,020,우리은행,정기예금,원하는 기간동안 자유롭게 목돈 굴리기,36개월,제한없음,제한없음,2.9,deposit,273
273,037,전북은행,JB FUN 세이브 통장,"예금 이자를 매월 선이자로 받아 재테크(적금 또는 펀드 적립)
",3개월 이상,2천만원 이상,제한없음,2.3,deposit,274
274,037,전북은행,JB FUN 세이브 통장,예금 이자를 매월 선이자로 받아 재테크(적금 또는 펀드 적립),6개월 이상,2천만원 이상,제한없음,2.5,deposit,275
275,032,부산은행,LIVE정기예금,특판 전용 정기예금,1개월 이상,1천만원,제한없음,2.15,deposit,276
276,037,전북은행,JB FUN 세이브 통장,예금 이자를 매월 선이자로 받아 재테크(적금 또는 펀드 적립),12개월 이상,2천만원 이상,제한없음,2.8,deposit,277
277,037,전북은행,JB FUN 세이브 통장,예금 이자를 매월 선이자로 받아 재테크(적금 또는 펀드 적립),24개월 이상,2천만원 이상,제한없음,2.9,deposit,278
278,037,전북은행,JB FUN 세이브 통장,예금 이자를 매월 선이자로 받아 재테크(적금 또는 펀드 적립),36개월,2천만원 이상,제한없음,2.95,deposit,279
279,A03,KB저축은행,KB e-plus정기예금,확정금리로 높은 수익을 누리는 온라인 가입전용 정기예금,3개월 이상,100만원 이상,제한없음,2.4,deposit,280
280,A03,KB저축은행,정기예금,확정금리로 높은 수익을 누리는 정기예금,3개월 이상,100만원 이상,제한없음,2.3,deposit,281
281,A03,KB저축은행,정기예금,확정금리로 높은 수익을 누리는 정기예금,12개월 이상,100만원 이상,제한없음,3.7,deposit,282
282,A03,KB저축은행,KB e-plus정기예금,확정금리로 높은 수익을 누리는 온라인 가입전용 정기예금,6개월 이상,100만원 이상,제한없음,2.6,deposit,283
283,A03,KB저축은행,KB e-plus정기예금,확정금리로 높은 수익을 누리는 온라인 가입전용 정기예금,12개월 이상,100만원 이상,제한없음,3.8,deposit,284
284,A03,KB저축은행,KB e-plus정기예금,확정금리로 높은 수익을 누리는 온라인 가입전용 정기예금,24개월 이상,100만원 이상,제한없음,2.5,deposit,285
285,A05,OK저축은행,중도해지OK정기예금6,6개월 이상 단기 여유자금 운용에 유용한 목돈 굴리기 상품,12개월,10만원 이상,1억원 이하,2.5,deposit,286
286,A05,OK저축은행,중도해지OK정기예금369,하루만 맡겨도 약정금리(3개월 단위 변동금리)가 적용되는 목돈 굴리기 상품,36개월,10만원 이상,제한없음,3.5,deposit,287
287,A18,유안타저축은행,정기예금(단리식),"일정금액을 일정기간을 정하여 저축은행에 예치하고, 월단위 정해진 이자를 지급하는 기한부 예금으로 목돈을 운용하기 적합한 상품 (창구 전용상품)",1개월 이상,10만원 이상,제한없음,2.0,deposit,288
288,A18,유안타저축은행,정기예금(단리식),"일정금액을 일정기간을 정하여 저축은행에 예치하고, 월단위 정해진 이자를 지급하는 기한부 예금으로 목돈을 운용하기 적합한 상품 (창구 전용상품)",3개월 이상,10만원 이상,제한없음,2.5,deposit,289
289,A18,유안타저축은행,정기예금(단리식),"일정금액을 일정기간을 정하여 저축은행에 예치하고, 월단위 정해진 이자를 지급하는 기한부 예금으로 목돈을 운용하기 적합한 상품 (창구 전용상품)",6개월 이상,10만원 이상,제한없음,3.2,deposit,290
290,A18,유안타저축은행,정기예금(단리식),"일정금액을 일정기간을 정하여 저축은행에 예치하고, 월단위 정해진 이자를 지급하는 기한부 예금으로 목돈을 운용하기 적합한 상품 (창구 전용상품)",12개월 이상,10만원 이상,제한없음,4.35,deposit,291
291,A18,유안타저축은행,정기예금(단리식),"일정금액을 일정기간을 정하여 저축은행에 예치하고, 월단위 정해진 이자를 지급하는 기한부 예금으로 목돈을 운용하기 적합한 상품 (창구 전용상품)",18개월 이상,10만원 이상,제한없음,4.2,deposit,292
292,A18,유안타저축은행,정기예금(단리식),"일정금액을 일정기간을 정하여 저축은행에 예치하고, 월단위 정해진 이자를 지급하는 기한부 예금으로 목돈을 운용하기 적합한 상품 (창구 전용상품)",24개월 이상,10만원 이상,제한없음,4.05,deposit,293
293,A18,유안타저축은행,정기예금(단리식),"일정금액을 일정기간을 정하여 저축은행에 예치하고, 월단위 정해진 이자를 지급하는 기한부 예금으로 목돈을 운용하기 적합한 상품 (창구 전용상품)",30개월 이상,10만원 이상,제한없음,3.75,deposit,294
294,A18,유안타저축은행,정기예금(복리식),"일정금액을 일정기간을 정하여 저축은행에 예치하고, 예치기간이 만료되었을 때 정해진 이자를 지급하는 기한부 예금으로 목돈을 운용하기 적합한 상품 (창구 전용상품)",1개월 이상,10만원 이상,제한없음,2.0,deposit,295
295,A18,유안타저축은행,정기예금(복리식),"일정금액을 일정기간을 정하여 저축은행에 예치하고, 예치기간이 만료되었을 때 정해진 이자를 지급하는 기한부 예금으로 목돈을 운용하기 적합한 상품 (창구 전용상품)",3개월 이상,10만원 이상,제한없음,2.5,deposit,296
296,A18,유안타저축은행,정기예금(복리식),"일정금액을 일정기간을 정하여 저축은행에 예치하고, 예치기간이 만료되었을 때 정해진 이자를 지급하는 기한부 예금으로 목돈을 운용하기 적합한 상품 (창구 전용상품)",6개월 이상,10만원 이상,제한없음,3.2,deposit,297
297,A18,유안타저축은행,정기예금(복리식),"일정금액을 일정기간을 정하여 저축은행에 예치하고, 예치기간이 만료되었을 때 정해진 이자를 지급하는 기한부 예금으로 목돈을 운용하기 적합한 상품 (창구 전용상품)",12개월 이상,10만원 이상,제한없음,4.35,deposit,298
298,A18,유안타저축은행,정기예금(복리식),"일정금액을 일정기간을 정하여 저축은행에 예치하고, 예치기간이 만료되었을 때 정해진 이자를 지급하는 기한부 예금으로 목돈을 운용하기 적합한 상품 (창구 전용상품)",18개월 이상,10만원 이상,제한없음,4.2,deposit,299
299,A18,유안타저축은행,정기예금(복리식),"일정금액을 일정기간을 정하여 저축은행에 예치하고, 예치기간이 만료되었을 때 정해진 이자를 지급하는 기한부 예금으로 목돈을 운용하기 적합한 상품 (창구 전용상품)",24개월 이상,10만원 이상,제한없음,4.05,deposit,300
300,A18,유안타저축은행,정기예금(복리식),"일정금액을 일정기간을 정하여 저축은행에 예치하고, 예치기간이 만료되었을 때 정해진 이자를 지급하는 기한부 예금으로 목돈을 운용하기 적합한 상품 (창구 전용상품)",30개월 이상,10만원 이상,제한없음,3.75,deposit,301
301,A18,유안타저축은행,e-정기예금(단리식),"일정금액을 일정기간을 정하여 저축은행에 예치하고, 월단위 정해진 이자를 지급하는 기한부 예금으로 목돈을 운용하기 적합한 상품 (인터넷, 스마트폰 전용 상품)",1개월 이상,10만원 이상,제한없음,2.0,deposit,302
302,A18,유안타저축은행,e-정기예금(단리식),"일정금액을 일정기간을 정하여 저축은행에 예치하고, 월단위 정해진 이자를 지급하는 기한부 예금으로 목돈을 운용하기 적합한 상품 (인터넷, 스마트폰 전용 상품)",3개월 이상,10만원 이상,제한없음,2.5,deposit,303
303,A18,유안타저축은행,e-정기예금(단리식),"일정금액을 일정기간을 정하여 저축은행에 예치하고, 월단위 정해진 이자를 지급하는 기한부 예금으로 목돈을 운용하기 적합한 상품 (인터넷, 스마트폰 전용 상품)",6개월 이상,10만원 이상,제한없음,3.2,deposit,304
304,A18,유안타저축은행,e-정기예금(단리식),"일정금액을 일정기간을 정하여 저축은행에 예치하고, 월단위 정해진 이자를 지급하는 기한부 예금으로 목돈을 운용하기 적합한 상품 (인터넷, 스마트폰 전용 상품)",12개월 이상,10만원 이상,제한없음,4.4,deposit,305
305,A18,유안타저축은행,e-정기예금(단리식),"일정금액을 일정기간을 정하여 저축은행에 예치하고, 월단위 정해진 이자를 지급하는 기한부 예금으로 목돈을 운용하기 적합한 상품 (인터넷, 스마트폰 전용 상품)",18개월 이상,10만원 이상,제한없음,4.25,deposit,306
306,A18,유안타저축은행,e-정기예금(단리식),"일정금액을 일정기간을 정하여 저축은행에 예치하고, 월단위 정해진 이자를 지급하는 기한부 예금으로 목돈을 운용하기 적합한 상품 (인터넷, 스마트폰 전용 상품)",24개월 이상,10만원 이상,제한없음,4.1,deposit,307
307,A18,유안타저축은행,e-정기예금(단리식),"일정금액을 일정기간을 정하여 저축은행에 예치하고, 월단위 정해진 이자를 지급하는 기한부 예금으로 목돈을 운용하기 적합한 상품 (인터넷, 스마트폰 전용 상품)",30개월 이상,10만원 이상,제한없음,3.8,deposit,308
308,A18,유안타저축은행,e-정기예금(복리식),"일정금액을 일정기간을 정하여 저축은행에 예치하고, 예치기간이 만료되었을 때 정해진 이자를 지급하는 기한부 예금으로 목돈을 운용하기 적합한 상품 (인터넷, 스마트폰 전용 상품)",1개월 이상,10만원 이상,제한없음,2.0,deposit,309
309,A18,유안타저축은행,e-정기예금(복리식),"일정금액을 일정기간을 정하여 저축은행에 예치하고, 예치기간이 만료되었을 때 정해진 이자를 지급하는 기한부 예금으로 목돈을 운용하기 적합한 상품 (인터넷, 스마트폰 전용 상품)",3개월 이상,10만원 이상,제한없음,2.5,deposit,310
310,A18,유안타저축은행,e-정기예금(복리식),"일정금액을 일정기간을 정하여 저축은행에 예치하고, 예치기간이 만료되었을 때 정해진 이자를 지급하는 기한부 예금으로 목돈을 운용하기 적합한 상품 (인터넷, 스마트폰 전용 상품)",6개월 이상,10만원 이상,제한없음,3.2,deposit,311
311,A18,유안타저축은행,e-정기예금(복리식),"일정금액을 일정기간을 정하여 저축은행에 예치하고, 예치기간이 만료되었을 때 정해진 이자를 지급하는 기한부 예금으로 목돈을 운용하기 적합한 상품 (인터넷, 스마트폰 전용 상품)",12개월 이상,10만원 이상,제한없음,4.4,deposit,312
312,A18,유안타저축은행,e-정기예금(복리식),"일정금액을 일정기간을 정하여 저축은행에 예치하고, 예치기간이 만료되었을 때 정해진 이자를 지급하는 기한부 예금으로 목돈을 운용하기 적합한 상품 (인터넷, 스마트폰 전용 상품)",18개월 이상,10만원 이상,제한없음,4.25,deposit,313
313,A18,유안타저축은행,e-정기예금(복리식),"일정금액을 일정기간을 정하여 저축은행에 예치하고, 예치기간이 만료되었을 때 정해진 이자를 지급하는 기한부 예금으로 목돈을 운용하기 적합한 상품 (인터넷, 스마트폰 전용 상품)",24개월 이상,10만원 이상,제한없음,4.1,deposit,314
314,A18,유안타저축은행,e-정기예금(복리식),"일정금액을 일정기간을 정하여 저축은행에 예치하고, 예치기간이 만료되었을 때 정해진 이자를 지급하는 기한부 예금으로 목돈을 운용하기 적합한 상품 (인터넷, 스마트폰 전용 상품)",30개월 이상,10만원 이상,제한없음,3.8,deposit,315
315,A18,유안타저축은행,SB톡톡 정기예금(단리식),"일정금액을 일정기간을 정하여 저축은행에 예치하고, 월단위 정해진 이자를 지급하는 기한부 예금으로 목돈을 운용하기 적합한 상품 (SB톡톡(비대면) 전용 상품)",1개월 이상,10만원 이상,제한없음,2.0,deposit,316
316,A18,유안타저축은행,SB톡톡 정기예금(단리식),"일정금액을 일정기간을 정하여 저축은행에 예치하고, 월단위 정해진 이자를 지급하는 기한부 예금으로 목돈을 운용하기 적합한 상품 (SB톡톡(비대면) 전용 상품)",3개월 이상,10만원 이상,제한없음,2.5,deposit,317
317,A18,유안타저축은행,SB톡톡 정기예금(단리식),"일정금액을 일정기간을 정하여 저축은행에 예치하고, 월단위 정해진 이자를 지급하는 기한부 예금으로 목돈을 운용하기 적합한 상품 (SB톡톡(비대면) 전용 상품)",6개월 이상,10만원 이상,제한없음,3.2,deposit,318
318,A18,유안타저축은행,SB톡톡 정기예금(단리식),"일정금액을 일정기간을 정하여 저축은행에 예치하고, 월단위 정해진 이자를 지급하는 기한부 예금으로 목돈을 운용하기 적합한 상품 (SB톡톡(비대면) 전용 상품)",12개월 이상,10만원 이상,제한없음,4.35,deposit,319
319,A18,유안타저축은행,SB톡톡 정기예금(단리식),"일정금액을 일정기간을 정하여 저축은행에 예치하고, 월단위 정해진 이자를 지급하는 기한부 예금으로 목돈을 운용하기 적합한 상품 (SB톡톡(비대면) 전용 상품)",18개월 이상,10만원 이상,제한없음,4.2,deposit,320
320,A18,유안타저축은행,SB톡톡 정기예금(단리식),"일정금액을 일정기간을 정하여 저축은행에 예치하고, 월단위 정해진 이자를 지급하는 기한부 예금으로 목돈을 운용하기 적합한 상품 (SB톡톡(비대면) 전용 상품)",24개월 이상,10만원 이상,제한없음,4.05,deposit,321
321,A18,유안타저축은행,SB톡톡 정기예금(단리식),"일정금액을 일정기간을 정하여 저축은행에 예치하고, 월단위 정해진 이자를 지급하는 기한부 예금으로 목돈을 운용하기 적합한 상품 (SB톡톡(비대면) 전용 상품)",30개월 이상,10만원 이상,제한없음,3.75,deposit,322
322,A18,유안타저축은행,SB톡톡 정기예금(복리식),"일정금액을 일정기간을 정하여 저축은행에 예치하고, 예치기간이 만료되었을 때 정해진 이자를 지급하는 기한부 예금으로 목돈을 운용하기 적합한 상품 (SB톡톡(비대면) 전용 상품)",1개월 이상,10만원 이상,제한없음,2.0,deposit,323
323,A18,유안타저축은행,SB톡톡 정기예금(복리식),"일정금액을 일정기간을 정하여 저축은행에 예치하고, 예치기간이 만료되었을 때 정해진 이자를 지급하는 기한부 예금으로 목돈을 운용하기 적합한 상품 (SB톡톡(비대면) 전용 상품)",3개월 이상,10만원 이상,제한없음,2.5,deposit,324
324,A18,유안타저축은행,SB톡톡 정기예금(복리식),"일정금액을 일정기간을 정하여 저축은행에 예치하고, 예치기간이 만료되었을 때 정해진 이자를 지급하는 기한부 예금으로 목돈을 운용하기 적합한 상품 (SB톡톡(비대면) 전용 상품)",6개월 이상,10만원 이상,제한없음,3.2,deposit,325
325,A18,유안타저축은행,SB톡톡 정기예금(복리식),"일정금액을 일정기간을 정하여 저축은행에 예치하고, 예치기간이 만료되었을 때 정해진 이자를 지급하는 기한부 예금으로 목돈을 운용하기 적합한 상품 (SB톡톡(비대면) 전용 상품)",12개월 이상,10만원 이상,제한없음,4.35,deposit,326
326,A18,유안타저축은행,SB톡톡 정기예금(복리식),"일정금액을 일정기간을 정하여 저축은행에 예치하고, 예치기간이 만료되었을 때 정해진 이자를 지급하는 기한부 예금으로 목돈을 운용하기 적합한 상품 (SB톡톡(비대면) 전용 상품)",18개월 이상,10만원 이상,제한없음,4.2,deposit,327
327,A18,유안타저축은행,SB톡톡 정기예금(복리식),"일정금액을 일정기간을 정하여 저축은행에 예치하고, 예치기간이 만료되었을 때 정해진 이자를 지급하는 기한부 예금으로 목돈을 운용하기 적합한 상품 (SB톡톡(비대면) 전용 상품)",24개월 이상,10만원 이상,제한없음,4.05,deposit,328
328,A18,유안타저축은행,SB톡톡 정기예금(복리식),"일정금액을 일정기간을 정하여 저축은행에 예치하고, 예치기간이 만료되었을 때 정해진 이자를 지급하는 기한부 예금으로 목돈을 운용하기 적합한 상품 (SB톡톡(비대면) 전용 상품)",30개월 이상,10만원 이상,제한없음,3.75,deposit,329
329,A18,유안타저축은행,유안타 회전정기예금(단리식),"매 회전주기(1년) 마다 영업점 방문 없이 자동 회전되며, 회전되는 시기의 정기예금 금리에 우대금리를 드리는 상품. 중도해지 시에도
기간에 따른 약정이율을 제공하여 장기예치도 부담 없는 정기예금 (창구 전용상품)",36개월,10만원 이상,제한없음,4.4,deposit,330
330,A18,유안타저축은행,유안타 회전정기예금(복리식),"매 회전주기(1년) 마다 영업점 방문 없이 자동 회전되며, 회전되는 시기의 정기예금 금리에 우대금리를 드리는 상품. 중도해지 시에도
기간에 따른 약정이율을 제공하여 장기예치도 부담 없는 정기예금 (창구 전용상품)",36개월,10만원 이상,제한없음,4.4,deposit,331
331,A18,유안타저축은행,e-회전정기예금(단리식),"매 회전주기(1년) 마다 영업점 방문 없이 자동 회전되며, 회전되는 시기의 정기예금 금리에 우대금리를 드리는 상품. 중도해지 시에도
기간에 따른 약정이율을 제공하여 장기예치도 부담 없는 정기예금 (인터넷, 스마트폰 전용상품)",36개월,10만원 이상,제한없음,4.45,deposit,332
332,A18,유안타저축은행,e-회전정기예금(복리식),"매 회전주기(1년) 마다 영업점 방문 없이 자동 회전되며, 회전되는 시기의 정기예금 금리에 우대금리를 드리는 상품. 중도해지 시에도
기간에 따른 약정이율을 제공하여 장기예치도 부담 없는 정기예금 (인터넷, 스마트폰 전용상품)",36개월,10만원 이상,제한없음,4.45,deposit,333
333,A18,유안타저축은행,SB톡톡 회전정기예금(단리식),"매 회전주기(1년) 마다 영업점 방문 없이 자동 회전되며, 회전되는 시기의 정기예금 금리에 우대금리를 드리는 상품. 중도해지 시에도
기간에 따른 약정이율을 제공하여 장기예치도 부담 없는 정기예금 (SB톡톡(비대면) 전용 상품)",36개월,10만원 이상,제한없음,4.4,deposit,334
334,A18,유안타저축은행,SB톡톡 회전정기예금(복리식),"매 회전주기(1년) 마다 영업점 방문 없이 자동 회전되며, 회전되는 시기의 정기예금 금리에 우대금리를 드리는 상품. 중도해지 시에도
기간에 따른 약정이율을 제공하여 장기예치도 부담 없는 정기예금 (SB톡톡(비대면) 전용 상품)",36개월,10만원 이상,제한없음,4.4,deposit,335
335,E03,동양저축은행,정기예금(창구),"(단리식) 일정금액, 일정기간을 정하여 예치하고 매월 예입 응당일에 1회씩 단리로 이자를 지급받는 정기예금
(복리식) 일정금액, 일정기간을 정하여 예치하고 연단위 이자 수령(월복리식) 또는 해지시(중도,만기)정해진 이자와 함게 원리금을 지급받는 예금(중도해지 이자와 만기 후 이자는 단리적용)",1개월 이상,10만원 이상,제한없음,1.2,deposit,336
336,E03,동양저축은행,정기예금(창구),"(단리식) 일정금액, 일정기간을 정하여 예치하고 매월 예입 응당일에 1회씩 단리로 이자를 지급받는 정기예금
(복리식) 일정금액, 일정기간을 정하여 예치하고 연단위 이자 수령(월복리식) 또는 해지시(중도,만기)정해진 이자와 함게 원리금을 지급받는 예금(중도해지 이자와 만기 후 이자는 단리적용)",3개월 이상,10만원 이상,제한없음,2.0,deposit,337
337,E03,동양저축은행,정기예금(창구),"(단리식) 일정금액, 일정기간을 정하여 예치하고 매월 예입 응당일에 1회씩 단리로 이자를 지급받는 정기예금
(복리식) 일정금액, 일정기간을 정하여 예치하고 연단위 이자 수령(월복리식) 또는 해지시(중도,만기)정해진 이자와 함게 원리금을 지급받는 예금(중도해지 이자와 만기 후 이자는 단리적용)",6개월 이상,10만원 이상,제한없음,2.6,deposit,338
338,E03,동양저축은행,정기예금(창구),"(단리식) 일정금액, 일정기간을 정하여 예치하고 매월 예입 응당일에 1회씩 단리로 이자를 지급받는 정기예금
(복리식) 일정금액, 일정기간을 정하여 예치하고 연단위 이자 수령(월복리식) 또는 해지시(중도,만기)정해진 이자와 함게 원리금을 지급받는 예금(중도해지 이자와 만기 후 이자는 단리적용)",12개월 이상,10만원 이상,제한없음,4.4,deposit,339
339,E03,동양저축은행,정기예금(창구),"(단리식) 일정금액, 일정기간을 정하여 예치하고 매월 예입 응당일에 1회씩 단리로 이자를 지급받는 정기예금
(복리식) 일정금액, 일정기간을 정하여 예치하고 연단위 이자 수령(월복리식) 또는 해지시(중도,만기)정해진 이자와 함게 원리금을 지급받는 예금(중도해지 이자와 만기 후 이자는 단리적용)",24개월 이상,10만원 이상,제한없음,3.8,deposit,340
340,E05,센트럴저축은행,e-정기예금(단리식),일정기간을 정하여 자금을 예치하고 확정금리로 운영되는 상품,6개월 이상,10만원 이상,제한없음,2.3,deposit,341
341,E05,센트럴저축은행,정기예금(단리식),목돈을 일정기간 동안 예치하고 안정적인 수익을 추구하는 거치식 예금상품,12개월,10만원 이상,제한없음,4.0,deposit,342
342,E04,삼호저축은행,정기예금(복리식),일정금액을 일정기간 동안 예치하여 월 단위 또는 예치기간이 만료되었을때 정해진 이자를 받는 상품,6개월 이상,10만원 이상,제한없음,1.6,deposit,343
343,020,우리은행,정기예금,원하는 기간동안 자유롭게 목돈 굴리기,36개월 초과,제한없음,제한없음,3.0,deposit,344
344,D05,드림저축은행,"인터넷정기예금(단리식,1년이상)",고객님의 여유자금을 맡기시면 최고의 수익률을 보장하는 고수익 예금입니다. 매월 이자를 받으시는 단리식 정기예금.,15개월 이상,10만원 이상,제한없음,4.1,deposit,345
345,E04,삼호저축은행,정기예금(단리식),일정금액을 일정기간 동안 예치하여 월 단위 또는 예치기간이 만료되었을때 정해진 이자를 받는 상품,1개월 이상,10만원 이상,제한없음,1.5,deposit,346
346,E04,삼호저축은행,정기예금(단리식),일정금액을 일정기간 동안 예치하여 월 단위 또는 예치기간이 만료되었을때 정해진 이자를 받는 상품,6개월 이상,10만원 이상,제한없음,1.6,deposit,347
347,E04,삼호저축은행,정기예금(복리식),일정금액을 일정기간 동안 예치하여 월 단위 또는 예치기간이 만료되었을때 정해진 이자를 받는 상품,1개월 이상,10만원 이상,제한없음,1.5,deposit,348
348,E05,센트럴저축은행,정기예금(복리식),목돈을 일정기간 동안 예치하고 안정적인 수익을 추구하는 거치식 예금상품,1개월 이상,10만원 이상,제한없음,2.1,deposit,349
349,E04,삼호저축은행,정기예금(복리식),일정금액을 일정기간 동안 예치하여 월 단위 또는 예치기간이 만료되었을때 정해진 이자를 받는 상품,12개월 이상,10만원 이상,제한없음,3.8,deposit,350
350,E04,삼호저축은행,정기예금(복리식),일정금액을 일정기간 동안 예치하여 월 단위 또는 예치기간이 만료되었을때 정해진 이자를 받는 상품,24개월 이상,10만원 이상,제한없음,3.7,deposit,351
351,E04,삼호저축은행,정기예금 단리식(인터넷-모바일),일정금액을 일정기간 동안 예치하여 월 단위 또는 예치기간이 만료되었을때 정해진 이자를 받는 상품,1개월 이상,10만원 이상,제한없음,1.5,deposit,352
352,E04,삼호저축은행,정기예금 단리식(인터넷-모바일),일정금액을 일정기간 동안 예치하여 월 단위 또는 예치기간이 만료되었을때 정해진 이자를 받는 상품,6개월 이상,10만원 이상,제한없음,1.6,deposit,353
353,E04,삼호저축은행,정기예금 단리식(인터넷-모바일),일정금액을 일정기간 동안 예치하여 월 단위 또는 예치기간이 만료되었을때 정해진 이자를 받는 상품,12개월 이상,10만원 이상,제한없음,3.8,deposit,354
354,E05,센트럴저축은행,정기예금(복리식),목돈을 일정기간 동안 예치하고 안정적인 수익을 추구하는 거치식 예금상품,3개월 이상,10만원 이상,제한없음,2.2,deposit,355
355,E05,센트럴저축은행,정기예금(단리식),목돈을 일정기간 동안 예치하고 안정적인 수익을 추구하는 거치식 예금상품,1개월 이상,10만원 이상,제한없음,2.1,deposit,356
356,E05,센트럴저축은행,정기예금(복리식),목돈을 일정기간 동안 예치하고 안정적인 수익을 추구하는 거치식 예금상품,6개월 이상,10만원 이상,제한없음,2.4,deposit,357
357,E05,센트럴저축은행,e-정기예금(복리식),일정기간을 정하여 자금을 예치하고 확정금리로 운영되는 상품,6개월 이상,10만원 이상,제한없음,2.3,deposit,358
358,E05,센트럴저축은행,e-정기예금(복리식),일정기간을 정하여 자금을 예치하고 확정금리로 운영되는 상품,12개월,10만원 이상,제한없음,3.8,deposit,359
359,020,우리은행,우리 SUPER 정기예금,"만기일을 일, 월 단위로 자유롭게 선택할 수 있으며 10년까지 자동 재예치가 가능한 다양한 기능을 갖춘 개인고객 대상 전용 정기예금",36개월,1백만원 이상,제한없음,3.3,deposit,360
360,F02,상상인플러스저축은행,회전정기예금(비대면),"영업점 방문없이 스마트폰을 이용해 개설이 가능하며, 일정기간동안 목돈을 예치하고 매월 또는 만기에 이자를 지급 받는 거치식 상품입니다.",12개월,10만원이상,제한없음,4.2,deposit,361
361,004,국민은행,일반정기예금,목돈을 일정기간동안 예치하여 안정적인 수익을 목적으로 하는 일시예치식 예금,12개월 이상,10만원,제한없음,2.55,deposit,362
362,020,우리은행,WON플러스 예금,인터넷(스마트)뱅킹 및 텔레뱅킹 등 비대면 채널을 통해 가입 가능한 정기예금,36개월,1만원 이상,제한없음,3.3,deposit,363
363,020,우리은행,WON플러스 예금,인터넷(스마트)뱅킹 및 텔레뱅킹 등 비대면 채널을 통해 가입 가능한 정기예금,1개월 이상,1만원 이상,제한없음,3.0,deposit,364
364,020,우리은행,WON플러스 예금,인터넷(스마트)뱅킹 및 텔레뱅킹 등 비대면 채널을 통해 가입 가능한 정기예금,3개월이상,1만원 이상,제한없음,3.6,deposit,365
365,020,우리은행,WON플러스 예금,인터넷(스마트)뱅킹 및 텔레뱅킹 등 비대면 채널을 통해 가입 가능한 정기예금,6개월이상,1만원 이상,제한없음,3.65,deposit,366
366,020,우리은행,WON플러스 예금,인터넷(스마트)뱅킹 및 텔레뱅킹 등 비대면 채널을 통해 가입 가능한 정기예금,12개월이상,1만원 이상,제한없음,3.68,deposit,367
367,020,우리은행,WON플러스 예금,인터넷(스마트)뱅킹 및 텔레뱅킹 등 비대면 채널을 통해 가입 가능한 정기예금,24개월이상,1만원 이상,제한없음,3.3,deposit,368
368,032,부산은행,메리트정기예금,시장실세금리에 연동한 약정금리를 만기일까지 적용하는 확정금리 정기예금으로 단기 고금리 상품입,6개월 이상,5백만원,제한없음,2.55,deposit,369
369,020,우리은행,우리 SUPER 정기예금,"만기일을 일, 월 단위로 자유롭게 선택할 수 있으며 10년까지 자동 재예치가 가능한 다양한 기능을 갖춘 개인고객 대상 전용 정기예금",1개월 이상,1백만원 이상,제한없음,2.75,deposit,370
370,020,우리은행,우리 SUPER 정기예금,"만기일을 일, 월 단위로 자유롭게 선택할 수 있으며 10년까지 자동 재예치가 가능한 다양한 기능을 갖춘 개인고객 대상 전용 정기예금",3개월 이상,1백만원 이상,제한없음,2.9,deposit,371
371,020,우리은행,우리 SUPER 정기예금,"만기일을 일, 월 단위로 자유롭게 선택할 수 있으며 10년까지 자동 재예치가 가능한 다양한 기능을 갖춘 개인고객 대상 전용 정기예금",6개월 이상,1백만원 이상,제한없음,2.95,deposit,372
372,020,우리은행,오렌지 정기예금(12차) 자동연장형,"CD금리에 연동되어 3개월마다 금리가 변경되어 적용되는 상품, 시장금리가 상승할 것으로 예상하는 고객에게 적합한 상품",6개월,제한없음,제한없음,3.09,deposit,373
373,020,우리은행,오렌지 정기예금(12차) 자동연장형,"CD금리에 연동되어 3개월마다 금리가 변경되어 적용되는 상품, 시장금리가 상승할 것으로 예상하는 고객에게 적합한 상품",12개월,제한없음,제한없음,3.29,deposit,374
374,020,우리은행,정기예금,원하는 기간동안 자유롭게 목돈 굴리기,1개월 이상,제한없음,제한없음,2.2,deposit,375
375,020,우리은행,정기예금,원하는 기간동안 자유롭게 목돈 굴리기,3개월 이상,제한없음,제한없음,2.25,deposit,376
376,020,우리은행,정기예금,원하는 기간동안 자유롭게 목돈 굴리기,12개월 이상,제한없음,제한없음,2.65,deposit,377
377,020,우리은행,두루두루정기예금,"1. 회전주기별 금리변동형 정기예금
2. 중도해지시에도 회전주기별로 약정이율 제공",12개월 이상 연단위,제한없음,제한없음,2.1,deposit,378
378,D07,머스트삼일저축은행,e-정기예금(단리),일정금액을 일정기간 동안 예치하여 월 단위로 정해진 이자를 받은 상품으로 목돈 운용에 적합,12개월,10만원 이상,제한없음,4.3,deposit,379
379,004,국민은행,일반정기예금,목돈을 일정기간동안 예치하여 안정적인 수익을 목적으로 하는 일시예치식 예금,24개월 이상,10만원,제한없음,2.8,deposit,380
380,031,대구은행,IM스마트예금,비대면채널 전용상품으로 조건 충족 시 추가 우대금리를 지급하는 정기예금,12개월 이상,100만원,제한없음,3.75,deposit,381
381,031,대구은행,IM스마트예금,비대면채널 전용상품으로 조건 충족 시 추가 우대금리를 지급하는 정기예금,36개월,100만원,제한없음,3.2,deposit,382
382,031,대구은행,IM스마트예금,비대면채널 전용상품으로 조건 충족 시 추가 우대금리를 지급하는 정기예금,1개월 이상,100만원,제한없음,2.2,deposit,383
383,031,대구은행,IM스마트예금,비대면채널 전용상품으로 조건 충족 시 추가 우대금리를 지급하는 정기예금,24개월 이상,100만원,제한없음,3.2,deposit,384
384,031,대구은행,IM스마트예금,비대면채널 전용상품으로 조건 충족 시 추가 우대금리를 지급하는 정기예금,3개월 이상,100만원,제한없음,2.4,deposit,385
385,031,대구은행,IM스마트예금,비대면채널 전용상품으로 조건 충족 시 추가 우대금리를 지급하는 정기예금,6개월 이상,100만원,제한없음,2.8,deposit,386
386,031,대구은행,복리회전예금,"회전주기마다 이자가 복리로 계산되며, (최초 복리회전기간 경과 후) 중도 해지시에도 이자의 손해가 없는 정기예금",12개월,100만원,제한없음,2.18,deposit,387
387,031,대구은행,복리회전예금,"회전주기마다 이자가 복리로 계산되며, (최초 복리회전기간 경과 후) 중도 해지시에도 이자의 손해가 없는 정기예금",12개월,100만원,제한없음,1.95,deposit,388
388,032,부산은행,정기예금,"목돈을 일정기간 예치하여 매월 이자를 지급하거나 
만기에 일시금으로 수령하는 목돈운용상품",6개월 이상,100원,제한없음,2.55,deposit,389
389,032,부산은행,메리트정기예금,시장실세금리에 연동한 약정금리를 만기일까지 적용하는 확정금리 정기예금으로 단기 고금리 상품입,1개월 이상,5백만원,제한없음,2.25,deposit,390
390,032,부산은행,LIVE정기예금,특판 전용 정기예금,24개월 이상,1천만원,제한없음,2.8,deposit,391
391,031,대구은행,파랑새정기예금,기한부 저축성 예금으로 목돈을 운용하는데 적합한 정기예금,1개월 이상,100원,제한없음,1.65,deposit,392
392,004,국민은행,일반정기예금,목돈을 일정기간동안 예치하여 안정적인 수익을 목적으로 하는 일시예치식 예금,36개월 이상,10만원,제한없음,3.0,deposit,393
393,C10,조흥저축은행,e-정기예금(단리),비대면정기예금 단리식,12개월,10만원,제한없음,4.5,deposit,394
394,A08,대신저축은행,스마트 회전정기예금,회전주기(매1년) 단위로 약정이율이 변동되는 모바일전용 회전정기예금,36개월,10만원,제한없음,4.2,deposit,395
395,A08,대신저축은행,회전정기예금,회전주기(매1년) 단위로 약정이율이 변동되는 영업점전용 회전정기예금,36개월,10만원,제한없음,4.2,deposit,396
396,A08,대신저축은행,대신든든정기예금,"금융사기 피해예방을 위한 오프라인 전용(신규,해지) 예금 상품",12개월,10만원,제한없음,4.2,deposit,397
397,A08,대신저축은행,대신든든정기예금,"금융사기 피해예방을 위한 오프라인 전용(신규,해지) 예금 상품",13개월,10만원,제한없음,4.25,deposit,398
398,A08,대신저축은행,대신든든정기예금,"금융사기 피해예방을 위한 오프라인 전용(신규,해지) 예금 상품",24개월,10만원,제한없음,3.65,deposit,399
399,A07,SBI저축은행,e_SeedMoney정기예금,e-SeedMoney정기적금 만기해약 고객 대상으로 우대금리 제공,12개월,10만원,e-SeedMoney정기적금 만기해약금액 이하,3.6,deposit,400
400,A08,대신저축은행,대신든든정기예금,"금융사기 피해예방을 위한 오프라인 전용(신규,해지) 예금 상품",36개월,10만원,제한없음,3.65,deposit,401
401,A08,대신저축은행,스마트정기예금,"복잡한 우대금리 조건 없이 여유자금을 일정기간 예치하고, 높은 수익을 보장 받을 수 있는 모바일 전용상품",3개월,10만원,제한없음,2.0,deposit,402
402,A08,대신저축은행,스마트정기예금,"복잡한 우대금리 조건 없이 여유자금을 일정기간 예치하고, 높은 수익을 보장 받을 수 있는 모바일 전용상품",6개월,10만원,제한없음,3.6,deposit,403
403,A08,대신저축은행,스마트정기예금,"복잡한 우대금리 조건 없이 여유자금을 일정기간 예치하고, 높은 수익을 보장 받을 수 있는 모바일 전용상품",12개월,10만원,제한없음,4.1,deposit,404
404,A08,대신저축은행,스마트정기예금,"복잡한 우대금리 조건 없이 여유자금을 일정기간 예치하고, 높은 수익을 보장 받을 수 있는 모바일 전용상품",24개월,10만원,제한없음,3.5,deposit,405
405,A08,대신저축은행,스마트정기예금,"복잡한 우대금리 조건 없이 여유자금을 일정기간 예치하고, 높은 수익을 보장 받을 수 있는 모바일 전용상품",36개월,10만원,제한없음,3.5,deposit,406
406,A08,대신저축은행,정기예금,"여유자금을 일정기간 예치하고, 높은 수익을 보장 받을 수 있는 상품",3개월,10만원,제한없음,2.0,deposit,407
407,A08,대신저축은행,정기예금,"여유자금을 일정기간 예치하고, 높은 수익을 보장 받을 수 있는 상품",6개월,10만원,제한없음,3.6,deposit,408
408,A08,대신저축은행,정기예금,"여유자금을 일정기간 예치하고, 높은 수익을 보장 받을 수 있는 상품",12개월,10만원,제한없음,4.1,deposit,409
409,A08,대신저축은행,정기예금,"여유자금을 일정기간 예치하고, 높은 수익을 보장 받을 수 있는 상품",24개월,10만원,제한없음,3.4,deposit,410
410,A08,대신저축은행,정기예금,"여유자금을 일정기간 예치하고, 높은 수익을 보장 받을 수 있는 상품",36개월,10만원,제한없음,3.4,deposit,411
411,D07,머스트삼일저축은행,정기예금 단리식,일정금액을 일정기간 동안 예치하여 월 단위 정해진 이자를 받은 상품으로 목돈 운용에 적합,3개월 이상,10만원 이상,제한없음,1.0,deposit,412
412,D05,드림저축은행,톡톡 정기예금(복리식),고객님의 여유자금을 맡기시면 최고의 수익률을 보장하는 고수익 예금입니다. 매월 이자가 원금에 가산되어 만기시에 이자를 드리는 복리식 정기예금.,24개월 이상,10만원 이상,제한없음,3.1,deposit,413
413,D07,머스트삼일저축은행,정기예금 단리식,일정금액을 일정기간 동안 예치하여 월 단위 정해진 이자를 받은 상품으로 목돈 운용에 적합,6개월 이상,10만원 이상,제한없음,3.0,deposit,414
414,004,국민은행,일반정기예금,목돈을 일정기간동안 예치하여 안정적인 수익을 목적으로 하는 일시예치식 예금,3개월 이상,10만원,제한없음,2.0,deposit,415
415,088,신한은행,Tops보증 정기예금,회전기간 단위로 계약기간 이내에서 이자율이 변경 적용되는 정기예금,12개월 이상,3백만원 이상,제한없음,2.15,deposit,416
416,C01,BNK저축은행,삼삼한정기예금(복리식),예치기간 또는 매일의 예치잔액에 따라 정해진 해당이율을 적용하는 예금 상품,36개월,10만원,제한없음,4.3,deposit,417
417,D05,드림저축은행,톡톡 정기예금(복리식),고객님의 여유자금을 맡기시면 최고의 수익률을 보장하는 고수익 예금입니다. 매월 이자가 원금에 가산되어 만기시에 이자를 드리는 복리식 정기예금.,36개월,10만원 이상,제한없음,2.6,deposit,418
418,C01,BNK저축은행,삼삼한정기예금(단리식),매1년 회전주기 단위로 약정이율이 변동되는 거치식 예금,36개월,10만원,제한없음,4.3,deposit,419
419,C01,BNK저축은행,정기예금(복리식),여유자금을 일정기간 예치하고 만기시 또는 매달 이자를 받고 만기일에 원금을 받는 상품,1개월 이상,10만원,제한없음,2.1,deposit,420
420,C01,BNK저축은행,정기예금(복리식),여유자금을 일정기간 예치하고 만기시 또는 매달 이자를 받고 만기일에 원금을 받는 상품,3개월 이상,10만원,제한없음,2.4,deposit,421
421,C01,BNK저축은행,정기예금(복리식),여유자금을 일정기간 예치하고 만기시 또는 매달 이자를 받고 만기일에 원금을 받는 상품,6개월 이상,10만원,제한없음,3.0,deposit,422
422,C01,BNK저축은행,정기예금(복리식),여유자금을 일정기간 예치하고 만기시 또는 매달 이자를 받고 만기일에 원금을 받는 상품,12개월 이상,10만원,제한없음,4.2,deposit,423
423,C01,BNK저축은행,정기예금(복리식),여유자금을 일정기간 예치하고 만기시 또는 매달 이자를 받고 만기일에 원금을 받는 상품,24개월 이상,10만원,제한없음,3.2,deposit,424
424,C01,BNK저축은행,정기예금(복리식),여유자금을 일정기간 예치하고 만기시 또는 매달 이자를 받고 만기일에 원금을 받는 상품,36개월,10만원,제한없음,3.0,deposit,425
425,C01,BNK저축은행,정기예금(단리식),여유자금을 일정기간 예치하고 만기시 또는 매달 이자를 받고 만기일에 원금을 받는 상품,1개월 이상,10만원,제한없음,2.1,deposit,426
426,C01,BNK저축은행,정기예금(단리식),여유자금을 일정기간 예치하고 만기시 또는 매달 이자를 받고 만기일에 원금을 받는 상품,3개월 이상,10만원,제한없음,2.4,deposit,427
427,C01,BNK저축은행,정기예금(단리식),여유자금을 일정기간 예치하고 만기시 또는 매달 이자를 받고 만기일에 원금을 받는 상품,6개월 이상,10만원,제한없음,3.0,deposit,428
428,C01,BNK저축은행,정기예금(단리식),여유자금을 일정기간 예치하고 만기시 또는 매달 이자를 받고 만기일에 원금을 받는 상품,12개월 이상,10만원,제한없음,4.2,deposit,429
429,C01,BNK저축은행,정기예금(단리식),여유자금을 일정기간 예치하고 만기시 또는 매달 이자를 받고 만기일에 원금을 받는 상품,24개월 이상,10만원,제한없음,3.2,deposit,430
430,C01,BNK저축은행,정기예금(단리식),여유자금을 일정기간 예치하고 만기시 또는 매달 이자를 받고 만기일에 원금을 받는 상품,36개월,10만원,제한없음,3.0,deposit,431
431,C10,조흥저축은행,e-정기예금(단리),비대면정기예금 단리식,24개월,10만원,제한없음,3.6,deposit,432
432,C09,우리저축은행,정기예금(단리),목돈을 일정기간 동안 예치하여 안정적인 수익을 추구하는 예금상품,1개월,10만원,제한없음,1.0,deposit,433
433,C09,우리저축은행,정기예금(단리),목돈을 일정기간 동안 예치하여 안정적인 수익을 추구하는 예금상품,3개월,10만원,제한없음,1.5,deposit,434
434,C09,우리저축은행,정기예금(단리),목돈을 일정기간 동안 예치하여 안정적인 수익을 추구하는 예금상품,6개월,10만원,제한없음,1.9,deposit,435
435,C09,우리저축은행,정기예금(단리),목돈을 일정기간 동안 예치하여 안정적인 수익을 추구하는 예금상품,12개월,10만원,제한없음,4.5,deposit,436
436,C09,우리저축은행,정기예금(단리),목돈을 일정기간 동안 예치하여 안정적인 수익을 추구하는 예금상품,18개월,10만원,제한없음,3.0,deposit,437
437,C09,우리저축은행,정기예금(단리),목돈을 일정기간 동안 예치하여 안정적인 수익을 추구하는 예금상품,24개월,10만원,제한없음,1.0,deposit,438
438,C09,우리저축은행,정기예금(복리),목돈을 일정기간 동안 예치하여 안정적인 수익을 추구하는 예금상품,1개월,10만원,제한없음,1.0,deposit,439
439,C09,우리저축은행,정기예금(복리),목돈을 일정기간 동안 예치하여 안정적인 수익을 추구하는 예금상품,3개월,10만원,제한없음,1.5,deposit,440
440,C09,우리저축은행,정기예금(복리),목돈을 일정기간 동안 예치하여 안정적인 수익을 추구하는 예금상품,6개월,10만원,제한없음,1.9,deposit,441
441,C09,우리저축은행,정기예금(복리),목돈을 일정기간 동안 예치하여 안정적인 수익을 추구하는 예금상품,12개월,10만원,제한없음,4.5,deposit,442
442,C09,우리저축은행,정기예금(복리),목돈을 일정기간 동안 예치하여 안정적인 수익을 추구하는 예금상품,18개월,10만원,제한없음,3.0,deposit,443
443,C09,우리저축은행,정기예금(복리),목돈을 일정기간 동안 예치하여 안정적인 수익을 추구하는 예금상품,24개월,10만원,제한없음,1.0,deposit,444
444,C10,조흥저축은행,e-정기예금(단리),비대면정기예금 단리식,1개월,10만원,제한없음,0.8,deposit,445
445,C10,조흥저축은행,e-정기예금(단리),비대면정기예금 단리식,3개월,10만원,제한없음,2.5,deposit,446
446,C10,조흥저축은행,e-정기예금(단리),비대면정기예금 단리식,6개월,10만원,제한없음,4.5,deposit,447
447,C10,조흥저축은행,e-정기예금(단리),비대면정기예금 단리식,36개월,10만원,제한없음,3.6,deposit,448
448,E04,삼호저축은행,정기예금(단리식),일정금액을 일정기간 동안 예치하여 월 단위 또는 예치기간이 만료되었을때 정해진 이자를 받는 상품,12개월 이상,10만원 이상,제한없음,3.8,deposit,449
449,F05,오투저축은행,복리정기예금,일정기간 동안 목돈을 예치하고 만기에 이자를 지급 받는 거치식 상품,3개월이상,10만원이상,제한없음,3.0,deposit,450
450,B03,남양저축은행,비대면-정기예금단리식,"일정금액을 일정기간 동안 예치하여 월 단위 또는 예치기간이 
만료되었을 때 정해진 이자를 받은 상품으로 목돈 운용에 적합",1개월 이상,10만원,제한없음,2.0,deposit,451
451,B03,남양저축은행,비대면-정기예금단리식,"일정금액을 일정기간 동안 예치하여 월 단위 또는 예치기간이 
만료되었을 때 정해진 이자를 받은 상품으로 목돈 운용에 적합",3개월 이상,10만원,제한없음,2.5,deposit,452
452,B03,남양저축은행,비대면-정기예금단리식,"일정금액을 일정기간 동안 예치하여 월 단위 또는 예치기간이 
만료되었을 때 정해진 이자를 받은 상품으로 목돈 운용에 적합",6개월 이상,10만원,제한없음,3.0,deposit,453
453,D02,대백저축은행,정기예금복리식,여유자금으로 높은 수익을 얻을 수 있는 대표적인 예금상품으로 여유자금을 일정기간 예치하고 매월 이자를 받는 상품,6개월 이상,"100,000원 이상",제한없음,3.8,deposit,454
454,B03,남양저축은행,비대면-정기예금단리식,"일정금액을 일정기간 동안 예치하여 월 단위 또는 예치기간이 
만료되었을 때 정해진 이자를 받은 상품으로 목돈 운용에 적합",12개월 이상,10만원,제한없음,4.3,deposit,455
455,B03,남양저축은행,비대면-정기예금단리식,"일정금액을 일정기간 동안 예치하여 월 단위 또는 예치기간이 
만료되었을 때 정해진 이자를 받은 상품으로 목돈 운용에 적합",18개월 이상,10만원,제한없음,3.3,deposit,456
456,B03,남양저축은행,비대면-정기예금복리식,"일정금액을 일정기간 동안 예치하여 월 단위 또는 예치기간이 
만료되었을 때 정해진 이자를 받은 상품으로 목돈 운용에 적합",1개월 이상,10만원,제한없음,2.0,deposit,457
457,B03,남양저축은행,비대면-정기예금복리식,"일정금액을 일정기간 동안 예치하여 월 단위 또는 예치기간이 
만료되었을 때 정해진 이자를 받은 상품으로 목돈 운용에 적합",3개월 이상,10만원,제한없음,2.5,deposit,458
458,B03,남양저축은행,비대면-정기예금복리식,"일정금액을 일정기간 동안 예치하여 월 단위 또는 예치기간이 
만료되었을 때 정해진 이자를 받은 상품으로 목돈 운용에 적합",12개월 이상,10만원,제한없음,4.1,deposit,459
459,B03,남양저축은행,비대면-정기예금복리식,"일정금액을 일정기간 동안 예치하여 월 단위 또는 예치기간이 
만료되었을 때 정해진 이자를 받은 상품으로 목돈 운용에 적합",18개월 이상,10만원,제한없음,3.3,deposit,460
460,032,부산은행,LIVE정기예금,특판 전용 정기예금,6개월 이상,1천만원,제한없음,2.55,deposit,461
461,B04,모아저축은행,회전정기예금,"회전주기(1년)마다 12개월 정기예금 금리에
 0.1%를 더해 자동 재예치되는 상품",36개월,10만원,제한없음,4.1,deposit,462
462,B04,모아저축은행,정기예금,일정기간 동안 목돈을 예치하고 이자를 지급받는 온라인 전용 목돈운용 상품,1개월 이상,10만원,제한없음,2.1,deposit,463
463,B04,모아저축은행,정기예금,일정기간 동안 목돈을 예치하고 이자를 지급받는 온라인 전용 목돈운용 상품,3개월 이상,10만원,제한없음,2.2,deposit,464
464,B04,모아저축은행,정기예금,일정기간 동안 목돈을 예치하고 이자를 지급받는 온라인 전용 목돈운용 상품,6개월 이상,10만원,제한없음,4.0,deposit,465
465,B04,모아저축은행,정기예금,일정기간 동안 목돈을 예치하고 이자를 지급받는 온라인 전용 목돈운용 상품,18개월 이상,10만원,제한없음,3.5,deposit,466
466,D05,드림저축은행,정기예금(복리식),고객님의 여유자금을 맡기시면 최고의 수익률을 보장하는 고수익 예금 (매월 이자가 원금에 가산되어 만기시에 이자를 드리는 복리식),9개월 이상,10만원 이상,제한없음,3.5,deposit,467
467,A06,OSB저축은행,단리 정기예금,"금리 하락 시에도 변동없는 확정금리 상품으로 고객님의 
여유자금을 안전하게 운용할 수 있는 목돈 굴리기 상품",6개월 이상,10만원,제한없음,4.3,deposit,468
468,Z03,카카오뱅크,정기예금,"자유롭게 기간을 정하고, 일정한 금액을 한번에 예치하여 목돈을 굴리는 상품 ? 급하게 돈이 필요한 경우 해지 없이도 가입금액 중 일부를 출금할 수 있고, 자동해지, 자동연장 등 만기도 자동으로 관리 가능",3개월이상,100만원이상,제한없음,3.2,deposit,469
469,020,우리은행,정기예금,원하는 기간동안 자유롭게 목돈 굴리기,6개월 이상,제한없음,제한없음,2.3,deposit,470
470,A10,민국저축은행,e-행복정기예금단리식,인터넷뱅킹을 이용하여 가입가능한 목돈굴리기 상품입니다.,1개월 이상,10만원,제한없음,1.6,deposit,471
471,A10,민국저축은행,e-행복정기예금단리식,인터넷뱅킹을 이용하여 가입가능한 목돈굴리기 상품입니다.,18개월 이상,10만원,제한없음,3.0,deposit,472
472,A17,웰컴저축은행,정기예금 (복리),여유자금을 일정기간 동안 확정금리로 예치하여 이자 수익을 얻을 수 있는 거치식 상품,1개월이상,10만원이상,제한없음,0.5,deposit,473
473,A10,민국저축은행,e-행복정기예금복리식,인터넷뱅킹을 이용하여 가입가능한 목돈굴리기 상품입니다.,1개월 이상,10만원,제한없음,1.6,deposit,474
474,A10,민국저축은행,e-행복정기예금복리식,인터넷뱅킹을 이용하여 가입가능한 목돈굴리기 상품입니다.,6개월 이상,10만원,제한없음,2.5,deposit,475
475,A10,민국저축은행,e-행복정기예금복리식,인터넷뱅킹을 이용하여 가입가능한 목돈굴리기 상품입니다.,12개월 이상,10만원,제한없음,3.8,deposit,476
476,A10,민국저축은행,e-행복정기예금복리식,인터넷뱅킹을 이용하여 가입가능한 목돈굴리기 상품입니다.,18개월 이상,10만원,제한없음,3.0,deposit,477
477,A17,웰컴저축은행,정기예금 (복리),여유자금을 일정기간 동안 확정금리로 예치하여 이자 수익을 얻을 수 있는 거치식 상품,3개월이상,10만원이상,제한없음,1.3,deposit,478
478,A17,웰컴저축은행,정기예금 (복리),여유자금을 일정기간 동안 확정금리로 예치하여 이자 수익을 얻을 수 있는 거치식 상품,6개월이상,10만원이상,제한없음,2.5,deposit,479
479,B05,부림저축은행,톡톡정기예금(단리식),"목돈을 일정기간동안 예치하고 매월 이자를 받는 목돈 굴리기 상품
 영업점을 방문하지않고 가입이 가능한 상품입니다.(비대면전용상품)",3개월 이상,10만원,제한없음,2.2,deposit,480
480,B05,부림저축은행,톡톡정기예금(단리식),"목돈을 일정기간동안 예치하고 매월 이자를 받는 목돈 굴리기 상품
 영업점을 방문하지않고 가입이 가능한 상품입니다.(비대면전용상품)",6개월 이상,10만원,제한없음,3.4,deposit,481
481,B05,부림저축은행,톡톡정기예금(단리식),"목돈을 일정기간동안 예치하고 매월 이자를 받는 목돈 굴리기 상품
 영업점을 방문하지않고 가입이 가능한 상품입니다.(비대면전용상품)",12개월 이상,10만원,제한없음,3.9,deposit,482
482,B05,부림저축은행,톡톡정기예금(단리식),"목돈을 일정기간동안 예치하고 매월 이자를 받는 목돈 굴리기 상품
 영업점을 방문하지않고 가입이 가능한 상품입니다.(비대면전용상품)",24개월,10만원,제한없음,2.9,deposit,483
483,B05,부림저축은행,톡톡정기예금(복리식),"목돈을? 일정기간동안 예치하고? 원금과? 이자를? 함께? 받는? 목돈굴리기상품
 영업점을? 방문하지않고 ?가입이 가능한 상품입니다.? ? ? ?",1개월 이상,10만원,제한없음,2.0,deposit,484
484,B05,부림저축은행,정기예금(복리식),목돈을 일정기간동안 예치하고 원금과 이자를 함께 받는 목돈 굴리기 상품 (창구 전용),1개월 이상,10만원,제한없음,2.0,deposit,485
485,B05,부림저축은행,톡톡정기예금(복리식),"목돈을? 일정기간동안 예치하고? 원금과? 이자를? 함께? 받는? 목돈굴리기상품
 영업점을? 방문하지않고 ?가입이 가능한 상품입니다.? ? ? ?",3개월 이상,10만원,제한없음,2.2,deposit,486
486,B05,부림저축은행,톡톡정기예금(복리식),"목돈을? 일정기간동안 예치하고? 원금과? 이자를? 함께? 받는? 목돈굴리기상품
 영업점을? 방문하지않고 ?가입이 가능한 상품입니다.? ? ? ?",6개월 이상,10만원,제한없음,3.4,deposit,487
487,B05,부림저축은행,톡톡정기예금(복리식),"목돈을? 일정기간동안 예치하고? 원금과? 이자를? 함께? 받는? 목돈굴리기상품
 영업점을? 방문하지않고 ?가입이 가능한 상품입니다.? ? ? ?",12개월 이상,10만원,제한없음,3.9,deposit,488
488,B05,부림저축은행,톡톡정기예금(복리식),"목돈을? 일정기간동안 예치하고? 원금과? 이자를? 함께? 받는? 목돈굴리기상품
 영업점을? 방문하지않고 ?가입이 가능한 상품입니다.? ? ? ?",24개월,10만원,제한없음,2.9,deposit,489
489,B05,부림저축은행,정기예금(복리식),목돈을 일정기간동안 예치하고 원금과 이자를 함께 받는 목돈 굴리기 상품 (창구 전용),6개월 이상,10만원,제한없음,3.4,deposit,490
490,B05,부림저축은행,정기예금(단리식),목돈을 일정기간동안 예치하고 매월 이자를 받는 목돈 굴리기 상품 (창구 전용),1개월 이상,10만원,제한없음,2.0,deposit,491
491,B05,부림저축은행,정기예금(단리식),목돈을 일정기간동안 예치하고 매월 이자를 받는 목돈 굴리기 상품 (창구 전용),3개월 이상,10만원,제한없음,2.2,deposit,492
492,B05,부림저축은행,정기예금(단리식),목돈을 일정기간동안 예치하고 매월 이자를 받는 목돈 굴리기 상품 (창구 전용),6개월 이상,10만원,제한없음,3.4,deposit,493
493,B05,부림저축은행,정기예금(단리식),목돈을 일정기간동안 예치하고 매월 이자를 받는 목돈 굴리기 상품 (창구 전용),12개월 이상,10만원,제한없음,3.9,deposit,494
494,B05,부림저축은행,정기예금(단리식),목돈을 일정기간동안 예치하고 매월 이자를 받는 목돈 굴리기 상품 (창구 전용),24개월,10만원,제한없음,2.9,deposit,495
495,B05,부림저축은행,정기예금(복리식),목돈을 일정기간동안 예치하고 원금과 이자를 함께 받는 목돈 굴리기 상품 (창구 전용),12개월 이상,10만원,제한없음,3.9,deposit,496
496,B05,부림저축은행,정기예금(복리식),목돈을 일정기간동안 예치하고 원금과 이자를 함께 받는 목돈 굴리기 상품 (창구 전용),24개월,10만원,제한없음,2.9,deposit,497
497,003,기업은행,1석7조통장(정기예금),비대면채널 전용 거치식 상품으로 금리우대 혜택 제공,6개월이상,100만원 이상,제한없음,3.59,deposit,498
498,003,기업은행,1석7조통장(정기예금),비대면채널 전용 거치식 상품으로 금리우대 혜택 제공,12개월이상,100만원이상,제한없음,3.69,deposit,499
499,003,기업은행,1석7조통장(정기예금),비대면채널 전용 거치식 상품으로 금리우대 혜택 제공,24개월이상,100만원 이상,제한없음,3.92,deposit,500
500,003,기업은행,1석7조통장(정기예금),비대면채널 전용 거치식 상품으로 금리우대 혜택 제공,36개월,100만원 이상,제한없음,4.0,deposit,501
501,003,기업은행,실세금리정기예금,시장 실세금리를 반영한 이율이 적용되는 다양한 이자지급을 선택할 수 있는 정기예금,1개월이상,500만원 이상,제한없음,2.95,deposit,502
502,003,기업은행,실세금리정기예금,시장 실세금리를 반영한 이율이 적용되는 다양한 이자지급을 선택할 수 있는 정기예금,3개월이상,500만원 이상,제한없음,3.0,deposit,503
503,003,기업은행,실세금리정기예금,시장 실세금리를 반영한 이율이 적용되는 다양한 이자지급을 선택할 수 있는 정기예금,6개월이상,500만원 이상,제한없음,3.1,deposit,504
504,003,기업은행,실세금리정기예금,시장 실세금리를 반영한 이율이 적용되는 다양한 이자지급을 선택할 수 있는 정기예금,12개월이상,500만원 이상,제한없음,3.15,deposit,505
505,003,기업은행,실세금리정기예금,시장 실세금리를 반영한 이율이 적용되는 다양한 이자지급을 선택할 수 있는 정기예금,24개월이상,500만원 이상,제한없음,3.25,deposit,506
506,003,기업은행,실세금리정기예금,시장 실세금리를 반영한 이율이 적용되는 다양한 이자지급을 선택할 수 있는 정기예금,36개월,500만원 이상,제한없음,3.3,deposit,507
507,071,우체국,초록별사랑정기예금,"종이통장 미 발행, 탄소중립 실천, 환경지킴 서약 등 친환경 활동과 기부 활동 참여 시 우대혜택을 제공하는 정기예금",12개월,100만원이상,"5,000만원이하",2.35,deposit,508
508,071,우체국,우체국편리한e정기예금,"보너스 입금, 비상금 출금, 자동 재예치, 만기 자동해지 서비스로 편리한 목돈 활용이 가능한 디지털 정기예금",6개월이상,100만원이상,5.000만원이하,2.1,deposit,509
509,071,우체국,우체국편리한e정기예금,"보너스 입금, 비상금 출금, 자동 재예치, 만기 자동해지 서비스로 편리한 목돈 활용이 가능한 디지털 정기예금",9개월이상,100만원이상,5.000만원이하,2.15,deposit,510
510,071,우체국,우체국편리한e정기예금,"보너스 입금, 비상금 출금, 자동 재예치, 만기 자동해지 서비스로 편리한 목돈 활용이 가능한 디지털 정기예금",12개월,100만원이상,5.000만원이하,2.35,deposit,511
511,071,우체국,e-Postbank정기예금,500만원 이상 가입한 고객에게 우대이율을 제공하는 인터넷·스마트뱅킹 전용 정기예금 상품,6개월이상,500만원이상,제한없음,2.1,deposit,512
512,071,우체국,e-Postbank정기예금,500만원 이상 가입한 고객에게 우대이율을 제공하는 인터넷·스마트뱅킹 전용 정기예금 상품,9개월이상,500만원이상,제한없음,2.15,deposit,513
513,071,우체국,e-Postbank정기예금,500만원 이상 가입한 고객에게 우대이율을 제공하는 인터넷·스마트뱅킹 전용 정기예금 상품,12개월이상,500만원이상,제한없음,2.35,deposit,514
514,071,우체국,e-Postbank정기예금,500만원 이상 가입한 고객에게 우대이율을 제공하는 인터넷·스마트뱅킹 전용 정기예금 상품,24개월이상,500만원이상,제한없음,2.45,deposit,515
515,A17,웰컴저축은행,정기예금 (복리),여유자금을 일정기간 동안 확정금리로 예치하여 이자 수익을 얻을 수 있는 거치식 상품,12개월이상,10만원이상,제한없음,4.0,deposit,516
516,F05,오투저축은행,e-정기예금,일정기간 동안 목돈을 예치하고 매월 이자를 지급 받는 거치식 상품,6개월이상,10만원이상,제한없음,3.5,deposit,517
517,F05,오투저축은행,비대면 정기예금(복리),일정기간 동안 목돈을 예치하고 만기에 이자를 지급하는 거치식 상품,3개월이상,10만원이상,제한없음,3.0,deposit,518
518,A17,웰컴저축은행,웰뱅 회전 e - 정기예금 (복리),회전주기(1년)마다 우대금리를 더해 자동 회전하는 정기예금,36개월,10만원이상,제한없음,4.0,deposit,519
519,A17,웰컴저축은행,웰뱅 회전 e - 정기예금 (단리),회전주기(1년)마다 우대금리를 더해 자동 회전하는 정기예금,36개월,10만원이상,제한없음,4.0,deposit,520
520,F05,오투저축은행,복리정기예금,일정기간 동안 목돈을 예치하고 만기에 이자를 지급 받는 거치식 상품,6개월이상,10만원이상,제한없음,3.5,deposit,521
521,F05,오투저축은행,e-복리정기예금,일정기간 동안 목돈을 예치하고 만기에 이자를 지급 받는 거치식 상품,3개월이상,10만원이상,제한없음,3.0,deposit,522
522,A17,웰컴저축은행,e - 정기예금 (단리),여유자금을 일정기간 동안 확정금리로 예치하여 이자 수익을 얻을 수 있는 거치식 상품,1개월이상,10만원이상,제한없음,0.5,deposit,523
523,A17,웰컴저축은행,e - 정기예금 (단리),여유자금을 일정기간 동안 확정금리로 예치하여 이자 수익을 얻을 수 있는 거치식 상품,3개월이상,10만원이상,제한없음,1.3,deposit,524
524,F02,상상인플러스저축은행,e-정기예금_단기,"영업점 방문없이 인터넷/스마트폰을 이용해 개설이 가능하며, 일정기간동안 목돈을 예치하고 매월 또는 만기에 이자를 지급 받는 거치식 상품입니다",6개월이상,10만원이상,제한없음,2.41,deposit,525
525,A23,하나저축,세바퀴정기예금,회전주기 (매1년) 마다 계약기간 이내에서 이자율 변동 및 이자를 지급하는 장기 정기예금,36개월,10만원이상,제한없음,3.76,deposit,526
526,A17,웰컴저축은행,e - 정기예금 (단리),여유자금을 일정기간 동안 확정금리로 예치하여 이자 수익을 얻을 수 있는 거치식 상품,6개월이상,10만원이상,제한없음,2.5,deposit,527
527,A17,웰컴저축은행,e - 정기예금 (단리),여유자금을 일정기간 동안 확정금리로 예치하여 이자 수익을 얻을 수 있는 거치식 상품,12개월이상,10만원이상,제한없음,4.0,deposit,528
528,A17,웰컴저축은행,e - 정기예금 (단리),여유자금을 일정기간 동안 확정금리로 예치하여 이자 수익을 얻을 수 있는 거치식 상품,24개월이상,10만원이상,제한없음,3.5,deposit,529
529,A17,웰컴저축은행,e - 정기예금 (단리),여유자금을 일정기간 동안 확정금리로 예치하여 이자 수익을 얻을 수 있는 거치식 상품,36개월,10만원이상,제한없음,3.5,deposit,530
530,A17,웰컴저축은행,e - 정기예금 (복리),여유자금을 일정기간 동안 확정금리로 예치하여 이자 수익을 얻을 수 있는 거치식 상품,1개월이상,10만원이상,제한없음,0.5,deposit,531
531,A17,웰컴저축은행,e - 정기예금 (복리),여유자금을 일정기간 동안 확정금리로 예치하여 이자 수익을 얻을 수 있는 거치식 상품,3개월이상,10만원이상,제한없음,1.3,deposit,532
532,A17,웰컴저축은행,e - 정기예금 (복리),여유자금을 일정기간 동안 확정금리로 예치하여 이자 수익을 얻을 수 있는 거치식 상품,6개월이상,10만원이상,제한없음,2.5,deposit,533
533,A17,웰컴저축은행,e - 정기예금 (복리),여유자금을 일정기간 동안 확정금리로 예치하여 이자 수익을 얻을 수 있는 거치식 상품,12개월이상,10만원이상,제한없음,4.0,deposit,534
534,A17,웰컴저축은행,e - 정기예금 (복리),여유자금을 일정기간 동안 확정금리로 예치하여 이자 수익을 얻을 수 있는 거치식 상품,24개월이상,10만원이상,제한없음,3.5,deposit,535
535,A17,웰컴저축은행,e - 정기예금 (복리),여유자금을 일정기간 동안 확정금리로 예치하여 이자 수익을 얻을 수 있는 거치식 상품,36개월,10만원이상,제한없음,3.5,deposit,536
536,A17,웰컴저축은행,웰뱅 회전 m - 정기예금 (복리),회전주기(1년)마다 우대금리를 더해 자동 회전하는 정기예금,36개월,10만원이상,제한없음,4.0,deposit,537
537,A17,웰컴저축은행,웰뱅 회전 m - 정기예금 (단리),회전주기(1년)마다 우대금리를 더해 자동 회전하는 정기예금,36개월,10만원이상,제한없음,4.0,deposit,538
538,A17,웰컴저축은행,m - 정기예금 (복리),여유자금을 일정기간 동안 확정금리로 예치하여 이자 수익을 얻을 수 있는 거치식 상품,1개월이상,10만원이상,제한없음,0.5,deposit,539
539,A17,웰컴저축은행,m - 정기예금 (복리),여유자금을 일정기간 동안 확정금리로 예치하여 이자 수익을 얻을 수 있는 거치식 상품,3개월이상,10만원이상,제한없음,1.3,deposit,540
540,A17,웰컴저축은행,m - 정기예금 (복리),여유자금을 일정기간 동안 확정금리로 예치하여 이자 수익을 얻을 수 있는 거치식 상품,6개월이상,10만원 이상,제한없음,2.5,deposit,541
541,A17,웰컴저축은행,m - 정기예금 (복리),여유자금을 일정기간 동안 확정금리로 예치하여 이자 수익을 얻을 수 있는 거치식 상품,12개월이상,10만원이상,제한없음,4.0,deposit,542
542,A17,웰컴저축은행,m - 정기예금 (복리),여유자금을 일정기간 동안 확정금리로 예치하여 이자 수익을 얻을 수 있는 거치식 상품,24개월이상,10만원이상,제한없음,3.5,deposit,543
543,A17,웰컴저축은행,m - 정기예금 (복리),여유자금을 일정기간 동안 확정금리로 예치하여 이자 수익을 얻을 수 있는 거치식 상품,36개월,10만원이상,제한없음,3.5,deposit,544
544,A17,웰컴저축은행,m - 정기예금 (단리),여유자금을 일정기간 동안 확정금리로 예치하여 이자 수익을 얻을 수 있는 거치식 상품,1개월이상,10만원이상,제한없음,0.5,deposit,545
545,A17,웰컴저축은행,m - 정기예금 (단리),여유자금을 일정기간 동안 확정금리로 예치하여 이자 수익을 얻을 수 있는 거치식 상품,3개월이상,10만원이상,제한없음,1.3,deposit,546
546,A17,웰컴저축은행,m - 정기예금 (단리),여유자금을 일정기간 동안 확정금리로 예치하여 이자 수익을 얻을 수 있는 거치식 상품,6개월이상,10만원이상,제한없음,2.5,deposit,547
547,A17,웰컴저축은행,m - 정기예금 (단리),여유자금을 일정기간 동안 확정금리로 예치하여 이자 수익을 얻을 수 있는 거치식 상품,12개월이상,10만원이상,제한없음,4.0,deposit,548
548,A17,웰컴저축은행,m - 정기예금 (단리),여유자금을 일정기간 동안 확정금리로 예치하여 이자 수익을 얻을 수 있는 거치식 상품,24개월이상,10만원이상,제한없음,3.5,deposit,549
549,E05,센트럴저축은행,정기예금(단리식),목돈을 일정기간 동안 예치하고 안정적인 수익을 추구하는 거치식 예금상품,3개월 이상,10만원 이상,제한없음,2.2,deposit,550
550,D05,드림저축은행,톡톡 정기예금(복리식),고객님의 여유자금을 맡기시면 최고의 수익률을 보장하는 고수익 예금입니다. 매월 이자가 원금에 가산되어 만기시에 이자를 드리는 복리식 정기예금.,6개월 이상,10만원 이상,제한없음,3.2,deposit,551
551,D05,드림저축은행,톡톡 정기예금(복리식),고객님의 여유자금을 맡기시면 최고의 수익률을 보장하는 고수익 예금입니다. 매월 이자가 원금에 가산되어 만기시에 이자를 드리는 복리식 정기예금.,9개월 이상,10만원 이상,제한없음,3.2,deposit,552
552,D05,드림저축은행,톡톡 정기예금(복리식),고객님의 여유자금을 맡기시면 최고의 수익률을 보장하는 고수익 예금입니다. 매월 이자가 원금에 가산되어 만기시에 이자를 드리는 복리식 정기예금.,12개월 이상,10만원 이상,제한없음,4.3,deposit,553
553,A17,웰컴저축은행,웰뱅 회전 정기예금 (복리),회전주기(1년)마다 우대금리를 더해 자동 회전하는 정기예금,36개월,10만원이상,제한없음,4.0,deposit,554
554,A17,웰컴저축은행,웰뱅 회전 정기예금 (단리),회전주기(1년)마다 우대금리를 더해 자동 회전하는 정기예금,36개월,10만원이상,제한없음,4.0,deposit,555
555,D05,드림저축은행,톡톡 정기예금(복리식),고객님의 여유자금을 맡기시면 최고의 수익률을 보장하는 고수익 예금입니다. 매월 이자가 원금에 가산되어 만기시에 이자를 드리는 복리식 정기예금.,15개월 이상,10만원 이상,제한없음,4.1,deposit,556
556,A17,웰컴저축은행,정기예금 (복리),여유자금을 일정기간 동안 확정금리로 예치하여 이자 수익을 얻을 수 있는 거치식 상품,24개월이상,10만원이상,제한없음,3.5,deposit,557
557,A17,웰컴저축은행,정기예금 (복리),여유자금을 일정기간 동안 확정금리로 예치하여 이자 수익을 얻을 수 있는 거치식 상품,36개월,10만원이상,제한없음,3.5,deposit,558
558,A17,웰컴저축은행,정기예금 (단리),여유자금을 일정기간 동안 확정금리로 예치하여 이자 수익을 얻을 수 있는 거치식 상품,1개월이상,10만원이상,제한없음,0.5,deposit,559
559,A17,웰컴저축은행,정기예금 (단리),여유자금을 일정기간 동안 확정금리로 예치하여 이자 수익을 얻을 수 있는 거치식 상품,3개월이상,10만원이상,제한없음,1.3,deposit,560
560,A17,웰컴저축은행,정기예금 (단리),여유자금을 일정기간 동안 확정금리로 예치하여 이자 수익을 얻을 수 있는 거치식 상품,6개월이상,10만원이상,제한없음,2.5,deposit,561
561,A17,웰컴저축은행,정기예금 (단리),여유자금을 일정기간 동안 확정금리로 예치하여 이자 수익을 얻을 수 있는 거치식 상품,12개월이상,10만원이상,제한없음,4.0,deposit,562
562,A17,웰컴저축은행,정기예금 (단리),여유자금을 일정기간 동안 확정금리로 예치하여 이자 수익을 얻을 수 있는 거치식 상품,24개월이상,10만원이상,제한없음,3.5,deposit,563
563,A17,웰컴저축은행,정기예금 (단리),여유자금을 일정기간 동안 확정금리로 예치하여 이자 수익을 얻을 수 있는 거치식 상품,36개월,10만원이상,제한없음,3.5,deposit,564
564,A22,푸른저축,장기 정기예금,금리 하락 시에도 안전한 확정금리 상품으로 고객님의 여유자금을 안전하게 운용할 수 있는 고금리 상품,25개월이상,10만원 이상,제한없음,4.1,deposit,565
565,F05,오투저축은행,비대면 정기예금(단리),일정기간 동안 목돈을 예치하고 만기에 이자를 지급하는 거치식 상품,3개월이상,10만원이상,제한없음,3.0,deposit,566
566,A23,하나저축,세바퀴정기예금,회전주기 (매1년) 마다 계약기간 이내에서 이자율 변동 및 이자를 지급하는 장기 정기예금,36개월,10만원이상,제한없음,3.7,deposit,567
567,003,기업은행,i-ONE 놀이터예금,스탬프 적립에 따라 우대금리를 제공하는 비대면전용 거치식예금 상품,3개월이상,1백만원 이상,3천만원까지,3.05,deposit,568
568,F01,대명저축은행,E-플러스 단리식(신규),일정금액을 일정기간동안 예치하여 월단위로 이자를 받는 상품으로 목돈 운용에 적합,6개월,10만원이상,제한없음,3.5,deposit,569
569,F01,대명저축은행,E-플러스 단리식(신규),일정금액을 일정기간동안 예치하여 월단위로 이자를 받는 상품으로 목돈운용에 적합,12개월,10만원이상,제한없음,3.8,deposit,570
570,F01,대명저축은행,E-플러스 복리식 (신규),일정금액을 일정기간동안 예치하여 만기시 이자를 받는 상품으로 목돈 운용에 적합,6개월,10만원이상,제한없음,3.5,deposit,571
571,F01,대명저축은행,E-플러스 복리식 (신규),일정금액을 일정기간동안 예치하여 만기시 이자를 받는 상품으로 목돈 운용에 적합,12개월,10만원이상,제한없음,3.8,deposit,572
572,F05,오투저축은행,비대면 정기예금(복리),일정기간 동안 목돈을 예치하고 만기에 이자를 지급하는 거치식 상품,6개월이상,10만원이상,제한없음,3.5,deposit,573
573,F02,상상인플러스저축은행,정기예금(비대면),영업점 방문없이 스마트폰을 이용해 개설이 가능하며 일정기긴동안 목돈을 예치하고 매월 또는 만기에 잊를 지급받는 거치식상품입니다,12개월이상,10만원이상,제한없음,4.0,deposit,574
574,F02,상상인플러스저축은행,정기예금 (비대면)_단기,"영업점 방문없이 스마트폰을 이용해 개설이 가능하며, 일정기간동안 목돈을 예치하고 매월 또는 만기에 이자를 지급 받는 거치식 상품입니다.",1개월이상,10만원이상,제한없음,2.21,deposit,575
575,F02,상상인플러스저축은행,정기예금(비대면),영업점 방문없이 스마트폰을 이용해 개설이 가능하며 일정기긴동안 목돈을 예치하고 매월 또는 만기에 잊를 지급받는 거치식상품입니다,24개월,10만원이상,제한없음,4.1,deposit,576
576,F02,상상인플러스저축은행,정기예금 (비대면)_단기,"영업점 방문없이 스마트폰을 이용해 개설이 가능하며, 일정기간동안 목돈을 예치하고 매월 또는 만기에 이자를 지급 받는 거치식 상품입니다.",3개월이상,10만원이상,제한없음,2.31,deposit,577
577,F02,상상인플러스저축은행,정기예금 (비대면)_단기,"영업점 방문없이 스마트폰을 이용해 개설이 가능하며, 일정기간동안 목돈을 예치하고 매월 또는 만기에 이자를 지급 받는 거치식 상품입니다.",6개월이상,10만원이상,제한없음,2.41,deposit,578
578,F02,상상인플러스저축은행,회전정기예금,일정기간동안 목돈을 예치하고 매월 또는 만기에 이자를 지급 받는 거치식 상품입니다.,12개월,10만원이상,제한없음,4.15,deposit,579
579,F02,상상인플러스저축은행,회전정기예금,일정기간동안 목돈을 예치하고 매월 또는 만기에 이자를 지급 받는 거치식 상품입니다.,12개월,10만원이상,제한없음,4.15,deposit,580
580,F02,상상인플러스저축은행,회전정기예금(비대면),"영업점 방문없이 스마트폰을 이용해 개설이 가능하며, 일정기간동안 목돈을 예치하고 매월 또는 만기에 이자를 지급 받는 거치식 상품입니다.",12개월,10만원이상,제한없음,4.2,deposit,581
581,F05,오투저축은행,정기예금,일정기간 동안목돈을 예치하고 만기에  이자를 지급 받는 거치식 상품,3개월이상,10만원이상,제한없음,3.0,deposit,582
582,F02,상상인플러스저축은행,회전정기예금,일정기간동안 목돈을 예치하고 매월 또는 만기에 이자를 지급 받는 거치식 상품입니다.,12개월,10만원이상,제한없음,4.15,deposit,583
583,F02,상상인플러스저축은행,회전정기예금,일정기간동안 목돈을 예치하고 매월 또는 만기에 이자를 지급 받는 거치식 상품입니다.,12개월,10만원이상,제한없음,4.15,deposit,584
584,F02,상상인플러스저축은행,회전정기예금(비대면),"영업점 방문없이 스마트폰을 이용해 개설이 가능하며, 일정기간동안 목돈을 예치하고 매월 또는 만기에 이자를 지급 받는 거치식 상품입니다.",12개월,10만원이상,제한없음,4.2,deposit,585
585,F02,상상인플러스저축은행,회전정기예금(비대면),"영업점 방문없이 스마트폰을 이용해 개설이 가능하며, 일정기간동안 목돈을 예치하고 매월 또는 만기에 이자를 지급 받는 거치식 상품입니다.",12개월,10만원이상,제한없음,4.2,deposit,586
586,F05,오투저축은행,복리정기예금,일정기간 동안 목돈을 예치하고 만기에 이자를 지급 받는 거치식 상품,12개월이상,10만원이상,제한없음,4.3,deposit,587
587,F05,오투저축은행,복리정기예금,일정기간 동안 목돈을 예치하고 만기에 이자를 지급 받는 거치식 상품,24개월이상,10만원이상,제한없음,3.9,deposit,588
588,F05,오투저축은행,회전식정기예금(단리),회전기간별 약정이율로 복리계산하여 이자 및 원금을 만기시점에 일시지급,36개월,10만원이상,제한없음,4.3,deposit,589
589,F05,오투저축은행,e-정기예금,일정기간 동안 목돈을 예치하고 매월 이자를 지급 받는 거치식 상품,12개월이상,10만원이상,제한없음,4.3,deposit,590
590,F05,오투저축은행,e-정기예금,일정기간 동안 목돈을 예치하고 매월 이자를 지급 받는 거치식 상품,24개월이상,10만원이상,제한없음,3.9,deposit,591
591,F05,오투저축은행,e-복리정기예금,일정기간 동안 목돈을 예치하고 만기에 이자를 지급 받는 거치식 상품,12개월이상,10만원이상,제한없음,4.3,deposit,592
592,F05,오투저축은행,e-복리정기예금,일정기간 동안 목돈을 예치하고 만기에 이자를 지급 받는 거치식 상품,24개월이상,10만원이상,제한없음,3.9,deposit,593
593,F05,오투저축은행,비대면 정기예금(단리),일정기간 동안 목돈을 예치하고 만기에 이자를 지급하는 거치식 상품,12개월이상,10만원이상,제한없음,4.3,deposit,594
594,003,기업은행,i-ONE 놀이터예금,스탬프 적립에 따라 우대금리를 제공하는 비대면전용 거치식예금 상품,6개월이상,1백만원 이상,3천만원까지 (동일인당한도3천만원),3.1,deposit,595
595,Z03,카카오뱅크,정기예금,"자유롭게 기간을 정하고, 일정한 금액을 한번에 예치하여 목돈을 굴리는 상품 ? 급하게 돈이 필요한 경우 해지 없이도 가입금액 중 일부를 출금할 수 있고, 자동해지, 자동연장 등 만기도 자동으로 관리 가능",1개월이상,100만원이상,제한없음,3.0,deposit,596
596,007,수협은행,일반정기예금,계약기간을 1개월이상 5년이하로 하는 거치식예금,6개월 이상,1만원 이상,제한없음,2.3,deposit,597
597,007,수협은행,일반정기예금,계약기간을 1개월이상 5년이하로 하는 거치식예금,24개월 이상,1만원 이상,제한없음,2.65,deposit,598
598,007,수협은행,일반정기예금,계약기간을 1개월이상 5년이하로 하는 거치식예금,36개월 이상,1만원 이상,제한없음,2.7,deposit,599
599,D07,머스트삼일저축은행,정기예금 단리식,일정금액을 일정기간 동안 예치하여 월 단위 정해진 이자를 받은 상품으로 목돈 운용에 적합,12개월 이상,10만원 이상,제한없음,3.8,deposit,600
600,088,신한은행,Tops보증 정기예금(기명식),서울보증보험㈜의 이행보증보험증권 발급과 관련 보증금액의 일정비율을 담보금으로 예치하기 위한 용도의 1년단위 회전형 정기예금,12개월 이상,1만원 이상,제한없음,2.65,deposit,601
601,F05,오투저축은행,비대면 정기예금(단리),일정기간 동안 목돈을 예치하고 만기에 이자를 지급하는 거치식 상품,6개월이상,10만원이상,제한없음,3.5,deposit,602
602,007,수협은행,일반정기예금,계약기간을 1개월이상 5년이하로 하는 거치식예금,3개월 이상,1만원 이상,제한없음,2.2,deposit,603
603,D07,머스트삼일저축은행,정기예금 단리식,일정금액을 일정기간 동안 예치하여 월 단위 정해진 이자를 받은 상품으로 목돈 운용에 적합,24개월 이상,10만원 이상,제한없음,2.8,deposit,604
604,088,신한은행,정기예금,목돈을 일정기간 동안 예치하여 안정적인 수익을 목적으로 하는 확정금리 예금상품,1개월 이상,1만원 이상,제한없음,2.1,deposit,605
605,088,신한은행,정기예금,목돈을 일정기간 동안 예치하여 안정적인 수익을 목적으로 하는 확정금리 예금상품,9개월 이상,1만원 이상,제한없음,2.55,deposit,606
606,A03,KB저축은행,정기예금,확정금리로 높은 수익을 누리는 정기예금,6개월 이상,100만원 이상,제한없음,2.5,deposit,607
607,088,신한은행,정기예금,목돈을 일정기간 동안 예치하여 안정적인 수익을 목적으로 하는 확정금리 예금상품,24개월 이상,1만원 이상,제한없음,2.7,deposit,608
608,088,신한은행,정기예금,목돈을 일정기간 동안 예치하여 안정적인 수익을 목적으로 하는 확정금리 예금상품,60개월,1만원 이상,제한없음,2.9,deposit,609
609,F05,오투저축은행,비대면 정기예금(단리),일정기간 동안 목돈을 예치하고 만기에 이자를 지급하는 거치식 상품,24개월이상,10만원이상,제한없음,3.9,deposit,610
610,032,부산은행,정기예금,"목돈을 일정기간 예치하여 매월 이자를 지급하거나 
만기에 일시금으로 수령하는 목돈운용상품",24개월 이상,100원,제한없음,2.7,deposit,611
611,F05,오투저축은행,비대면 정기예금(복리),일정기간 동안 목돈을 예치하고 만기에 이자를 지급하는 거치식 상품,12개월이상,10만원이상,제한없음,4.3,deposit,612
612,Z03,카카오뱅크,정기예금,"자유롭게 기간을 정하고, 일정한 금액을 한번에 예치하여 목돈을 굴리는 상품 ? 급하게 돈이 필요한 경우 해지 없이도 가입금액 중 일부를 출금할 수 있고, 자동해지, 자동연장 등 만기도 자동으로 관리 가능",6개월이상,100만원이상,제한없음,3.3,deposit,613
613,Z03,카카오뱅크,정기예금,"자유롭게 기간을 정하고, 일정한 금액을 한번에 예치하여 목돈을 굴리는 상품 ? 급하게 돈이 필요한 경우 해지 없이도 가입금액 중 일부를 출금할 수 있고, 자동해지, 자동연장 등 만기도 자동으로 관리 가능",12개월이상,100만원이상,제한없음,3.5,deposit,614
